"#","Date Time, GMT-05:00","DO conc, mg/L (LGR S/N: 10768627, SEN S/N: 10768627)","Temp, °C (LGR S/N: 10768627, SEN S/N: 10768627)","Coupler Attached (LGR S/N: 10768627)","Stopped (LGR S/N: 10768627)","End Of File (LGR S/N: 10768627)"
1,08/04/16 09:36:23 AM,8.09,25.58,,,
2,08/04/16 09:51:23 AM,6.97,25.62,,,
3,08/04/16 10:06:23 AM,7.00,25.64,,,
4,08/04/16 10:21:23 AM,7.04,25.70,,,
5,08/04/16 10:36:23 AM,7.07,25.74,,,
6,08/04/16 10:51:23 AM,7.11,25.82,,,
7,08/04/16 11:06:23 AM,7.15,25.88,,,
8,08/04/16 11:21:23 AM,7.19,25.94,,,
9,08/04/16 11:36:23 AM,7.20,26.00,,,
10,08/04/16 11:51:23 AM,7.19,26.00,,,
11,08/04/16 12:06:23 PM,7.22,26.02,,,
12,08/04/16 12:21:23 PM,7.26,26.02,,,
13,08/04/16 12:36:23 PM,7.31,26.06,,,
14,08/04/16 12:51:23 PM,7.34,26.10,,,
15,08/04/16 01:06:23 PM,7.42,26.16,,,
16,08/04/16 01:21:23 PM,7.49,26.24,,,
17,08/04/16 01:36:23 PM,7.55,26.36,,,
18,08/04/16 01:51:23 PM,7.59,26.46,,,
19,08/04/16 02:06:23 PM,7.64,26.54,,,
20,08/04/16 02:21:23 PM,7.63,26.62,,,
21,08/04/16 02:36:23 PM,7.64,26.70,,,
22,08/04/16 02:51:23 PM,7.61,26.76,,,
23,08/04/16 03:06:23 PM,7.60,26.80,,,
24,08/04/16 03:21:23 PM,7.55,26.82,,,
25,08/04/16 03:36:23 PM,7.54,26.82,,,
26,08/04/16 03:51:23 PM,7.51,26.84,,,
27,08/04/16 04:06:23 PM,7.51,26.86,,,
28,08/04/16 04:21:23 PM,7.49,26.88,,,
29,08/04/16 04:36:23 PM,7.47,26.88,,,
30,08/04/16 04:51:23 PM,7.46,26.86,,,
31,08/04/16 05:06:23 PM,7.45,26.88,,,
32,08/04/16 05:21:23 PM,7.43,26.88,,,
33,08/04/16 05:36:23 PM,7.39,26.90,,,
34,08/04/16 05:51:23 PM,7.36,26.90,,,
35,08/04/16 06:06:23 PM,7.32,26.88,,,
36,08/04/16 06:21:23 PM,7.25,26.86,,,
37,08/04/16 06:36:23 PM,7.19,26.84,,,
38,08/04/16 06:51:23 PM,7.13,26.82,,,
39,08/04/16 07:06:23 PM,7.08,26.78,,,
40,08/04/16 07:21:23 PM,7.01,26.76,,,
41,08/04/16 07:36:23 PM,6.96,26.72,,,
42,08/04/16 07:51:23 PM,6.91,26.70,,,
43,08/04/16 08:06:23 PM,6.87,26.68,,,
44,08/04/16 08:21:23 PM,6.83,26.64,,,
45,08/04/16 08:36:23 PM,6.79,26.62,,,
46,08/04/16 08:51:23 PM,6.78,26.60,,,
47,08/04/16 09:06:23 PM,6.75,26.58,,,
48,08/04/16 09:21:23 PM,6.74,26.54,,,
49,08/04/16 09:36:23 PM,6.71,26.52,,,
50,08/04/16 09:51:23 PM,6.70,26.50,,,
51,08/04/16 10:06:23 PM,6.68,26.46,,,
52,08/04/16 10:21:23 PM,6.66,26.44,,,
53,08/04/16 10:36:23 PM,6.64,26.42,,,
54,08/04/16 10:51:23 PM,6.62,26.40,,,
55,08/04/16 11:06:23 PM,6.60,26.38,,,
56,08/04/16 11:21:23 PM,6.60,26.36,,,
57,08/04/16 11:36:23 PM,6.58,26.34,,,
58,08/04/16 11:51:23 PM,6.58,26.32,,,
59,08/05/16 12:06:23 AM,6.60,26.28,,,
60,08/05/16 12:21:23 AM,6.63,26.22,,,
61,08/05/16 12:36:23 AM,6.65,26.18,,,
62,08/05/16 12:51:23 AM,6.72,26.12,,,
63,08/05/16 01:06:23 AM,6.81,25.98,,,
64,08/05/16 01:21:23 AM,6.90,25.80,,,
65,08/05/16 01:36:23 AM,7.06,25.58,,,
66,08/05/16 01:51:23 AM,7.13,25.30,,,
67,08/05/16 02:06:23 AM,7.11,25.24,,,
68,08/05/16 02:21:23 AM,7.02,25.34,,,
69,08/05/16 02:36:23 AM,6.94,25.42,,,
70,08/05/16 02:51:23 AM,6.88,25.48,,,
71,08/05/16 03:06:23 AM,6.82,25.50,,,
72,08/05/16 03:21:23 AM,6.77,25.54,,,
73,08/05/16 03:36:23 AM,6.72,25.56,,,
74,08/05/16 03:51:23 AM,6.69,25.58,,,
75,08/05/16 04:06:23 AM,6.66,25.60,,,
76,08/05/16 04:21:23 AM,6.64,25.62,,,
77,08/05/16 04:36:23 AM,6.63,25.62,,,
78,08/05/16 04:51:23 AM,6.61,25.64,,,
79,08/05/16 05:06:23 AM,6.60,25.64,,,
80,08/05/16 05:21:23 AM,6.59,25.64,,,
81,08/05/16 05:36:23 AM,6.58,25.66,,,
82,08/05/16 05:51:23 AM,6.57,25.66,,,
83,08/05/16 06:06:23 AM,6.57,25.66,,,
84,08/05/16 06:21:23 AM,6.56,25.66,,,
85,08/05/16 06:36:23 AM,6.56,25.66,,,
86,08/05/16 06:51:23 AM,6.55,25.66,,,
87,08/05/16 07:06:23 AM,6.55,25.68,,,
88,08/05/16 07:21:23 AM,6.55,25.68,,,
89,08/05/16 07:36:23 AM,6.56,25.70,,,
90,08/05/16 07:51:23 AM,6.57,25.72,,,
91,08/05/16 08:06:23 AM,6.59,25.74,,,
92,08/05/16 08:21:23 AM,6.58,25.76,,,
93,08/05/16 08:36:23 AM,6.58,25.78,,,
94,08/05/16 08:51:23 AM,6.58,25.78,,,
95,08/05/16 09:06:23 AM,6.58,25.80,,,
96,08/05/16 09:21:23 AM,6.58,25.82,,,
97,08/05/16 09:36:23 AM,6.60,25.84,,,
98,08/05/16 09:51:23 AM,6.63,25.86,,,
99,08/05/16 10:06:23 AM,6.64,25.88,,,
100,08/05/16 10:21:23 AM,6.68,25.92,,,
101,08/05/16 10:36:23 AM,6.70,25.96,,,
102,08/05/16 10:51:23 AM,6.78,26.00,,,
103,08/05/16 11:06:23 AM,6.84,26.04,,,
104,08/05/16 11:21:23 AM,6.89,26.10,,,
105,08/05/16 11:36:23 AM,6.93,26.14,,,
106,08/05/16 11:51:23 AM,6.98,26.18,,,
107,08/05/16 12:06:23 PM,7.08,26.24,,,
108,08/05/16 12:21:23 PM,7.09,26.30,,,
109,08/05/16 12:36:23 PM,7.14,26.36,,,
110,08/05/16 12:51:23 PM,7.24,26.52,,,
111,08/05/16 01:06:23 PM,7.31,26.64,,,
112,08/05/16 01:21:23 PM,7.36,26.74,,,
113,08/05/16 01:36:23 PM,7.36,26.82,,,
114,08/05/16 01:51:23 PM,7.33,26.86,,,
115,08/05/16 02:06:23 PM,7.37,26.92,,,
116,08/05/16 02:21:23 PM,7.42,27.02,,,
117,08/05/16 02:36:23 PM,7.41,27.10,,,
118,08/05/16 02:51:23 PM,7.43,27.16,,,
119,08/05/16 03:06:23 PM,7.37,27.16,,,
120,08/05/16 03:21:23 PM,7.36,27.16,,,
121,08/05/16 03:36:23 PM,7.36,27.16,,,
122,08/05/16 03:51:23 PM,7.31,27.14,,,
123,08/05/16 04:06:23 PM,7.27,27.12,,,
124,08/05/16 04:21:23 PM,7.22,27.10,,,
125,08/05/16 04:36:23 PM,7.22,27.10,,,
126,08/05/16 04:51:23 PM,7.18,27.12,,,
127,08/05/16 05:06:23 PM,7.14,27.10,,,
128,08/05/16 05:21:23 PM,7.09,27.08,,,
129,08/05/16 05:36:23 PM,7.06,27.04,,,
130,08/05/16 05:51:23 PM,7.07,26.94,,,
131,08/05/16 06:06:23 PM,7.05,26.90,,,
132,08/05/16 06:21:23 PM,7.01,26.86,,,
133,08/05/16 06:36:23 PM,7.04,26.70,,,
134,08/05/16 06:51:23 PM,7.12,26.40,,,
135,08/05/16 07:06:23 PM,7.11,26.34,,,
136,08/05/16 07:21:23 PM,7.00,26.44,,,
137,08/05/16 07:36:23 PM,6.88,26.54,,,
138,08/05/16 07:51:23 PM,6.81,26.60,,,
139,08/05/16 08:06:23 PM,6.74,26.60,,,
140,08/05/16 08:21:23 PM,6.70,26.58,,,
141,08/05/16 08:36:23 PM,6.64,26.54,,,
142,08/05/16 08:51:23 PM,6.60,26.50,,,
143,08/05/16 09:06:23 PM,6.58,26.46,,,
144,08/05/16 09:21:23 PM,6.56,26.42,,,
145,08/05/16 09:36:23 PM,6.53,26.38,,,
146,08/05/16 09:51:23 PM,6.50,26.36,,,
147,08/05/16 10:06:23 PM,6.47,26.32,,,
148,08/05/16 10:21:23 PM,6.45,26.30,,,
149,08/05/16 10:36:23 PM,6.45,26.26,,,
150,08/05/16 10:51:23 PM,6.43,26.24,,,
151,08/05/16 11:06:23 PM,6.41,26.20,,,
152,08/05/16 11:21:23 PM,6.40,26.18,,,
153,08/05/16 11:36:23 PM,6.38,26.14,,,
154,08/05/16 11:51:23 PM,6.37,26.12,,,
155,08/06/16 12:06:23 AM,6.36,26.08,,,
156,08/06/16 12:21:23 AM,6.35,26.06,,,
157,08/06/16 12:36:23 AM,6.33,26.04,,,
158,08/06/16 12:51:23 AM,6.32,26.02,,,
159,08/06/16 01:06:23 AM,6.29,25.98,,,
160,08/06/16 01:21:23 AM,6.28,25.96,,,
161,08/06/16 01:36:23 AM,6.27,25.92,,,
162,08/06/16 01:51:23 AM,6.25,25.90,,,
163,08/06/16 02:06:23 AM,6.25,25.86,,,
164,08/06/16 02:21:23 AM,6.24,25.84,,,
165,08/06/16 02:36:23 AM,6.23,25.80,,,
166,08/06/16 02:51:23 AM,6.22,25.78,,,
167,08/06/16 03:06:23 AM,6.22,25.74,,,
168,08/06/16 03:21:23 AM,6.21,25.70,,,
169,08/06/16 03:36:23 AM,6.20,25.68,,,
170,08/06/16 03:51:23 AM,6.20,25.64,,,
171,08/06/16 04:06:23 AM,6.20,25.62,,,
172,08/06/16 04:21:23 AM,6.19,25.58,,,
173,08/06/16 04:36:23 AM,6.18,25.56,,,
174,08/06/16 04:51:23 AM,6.17,25.52,,,
175,08/06/16 05:06:23 AM,6.16,25.50,,,
176,08/06/16 05:21:23 AM,6.16,25.48,,,
177,08/06/16 05:36:23 AM,6.16,25.44,,,
178,08/06/16 05:51:23 AM,6.15,25.42,,,
179,08/06/16 06:06:23 AM,6.14,25.40,,,
180,08/06/16 06:21:23 AM,6.14,25.38,,,
181,08/06/16 06:36:23 AM,6.14,25.36,,,
182,08/06/16 06:51:23 AM,6.14,25.36,,,
183,08/06/16 07:06:23 AM,6.14,25.36,,,
184,08/06/16 07:21:23 AM,6.14,25.36,,,
185,08/06/16 07:36:23 AM,6.15,25.36,,,
186,08/06/16 07:51:23 AM,6.17,25.38,,,
187,08/06/16 08:06:23 AM,6.21,25.40,,,
188,08/06/16 08:21:23 AM,6.25,25.44,,,
189,08/06/16 08:36:23 AM,6.32,25.48,,,
190,08/06/16 08:51:23 AM,6.37,25.52,,,
191,08/06/16 09:06:23 AM,6.41,25.58,,,
192,08/06/16 09:21:23 AM,6.50,25.64,,,
193,08/06/16 09:36:23 AM,6.57,25.74,,,
194,08/06/16 09:51:23 AM,6.65,25.84,,,
195,08/06/16 10:06:23 AM,6.71,25.98,,,
196,08/06/16 10:21:23 AM,6.80,26.12,,,
197,08/06/16 10:36:23 AM,6.86,26.24,,,
198,08/06/16 10:51:23 AM,6.92,26.38,,,
199,08/06/16 11:06:23 AM,6.98,26.50,,,
200,08/06/16 11:21:23 AM,7.04,26.62,,,
201,08/06/16 11:36:23 AM,7.09,26.74,,,
202,08/06/16 11:51:23 AM,7.13,26.88,,,
203,08/06/16 12:06:23 PM,7.18,27.02,,,
204,08/06/16 12:21:23 PM,7.24,27.14,,,
205,08/06/16 12:36:23 PM,7.28,27.26,,,
206,08/06/16 12:51:23 PM,7.28,27.36,,,
207,08/06/16 01:06:23 PM,7.32,27.46,,,
208,08/06/16 01:21:23 PM,7.34,27.56,,,
209,08/06/16 01:36:23 PM,7.35,27.64,,,
210,08/06/16 01:51:23 PM,7.36,27.74,,,
211,08/06/16 02:06:23 PM,7.37,27.80,,,
212,08/06/16 02:21:23 PM,7.35,27.86,,,
213,08/06/16 02:36:23 PM,7.35,27.92,,,
214,08/06/16 02:51:23 PM,7.35,27.98,,,
215,08/06/16 03:06:23 PM,7.34,28.04,,,
216,08/06/16 03:21:23 PM,7.35,28.10,,,
217,08/06/16 03:36:23 PM,7.33,28.14,,,
218,08/06/16 03:51:23 PM,7.32,28.16,,,
219,08/06/16 04:06:23 PM,7.27,28.18,,,
220,08/06/16 04:21:23 PM,7.26,28.20,,,
221,08/06/16 04:36:23 PM,7.22,28.22,,,
222,08/06/16 04:51:23 PM,7.18,28.22,,,
223,08/06/16 05:06:23 PM,7.13,28.24,,,
224,08/06/16 05:21:23 PM,7.10,28.24,,,
225,08/06/16 05:36:23 PM,7.04,28.24,,,
226,08/06/16 05:51:23 PM,6.98,28.24,,,
227,08/06/16 06:06:23 PM,6.94,28.26,,,
228,08/06/16 06:21:23 PM,6.89,28.24,,,
229,08/06/16 06:36:23 PM,6.80,28.24,,,
230,08/06/16 06:51:23 PM,6.74,28.24,,,
231,08/06/16 07:06:23 PM,6.66,28.22,,,
232,08/06/16 07:21:23 PM,6.58,28.20,,,
233,08/06/16 07:36:23 PM,6.51,28.18,,,
234,08/06/16 07:51:23 PM,6.46,28.14,,,
235,08/06/16 08:06:23 PM,6.38,28.12,,,
236,08/06/16 08:21:23 PM,6.32,28.10,,,
237,08/06/16 08:36:23 PM,6.26,28.06,,,
238,08/06/16 08:51:23 PM,6.22,28.02,,,
239,08/06/16 09:06:23 PM,6.18,28.00,,,
240,08/06/16 09:21:23 PM,6.14,27.96,,,
241,08/06/16 09:36:23 PM,6.10,27.94,,,
242,08/06/16 09:51:23 PM,6.06,27.92,,,
243,08/06/16 10:06:23 PM,6.04,27.90,,,
244,08/06/16 10:21:23 PM,6.03,27.88,,,
245,08/06/16 10:36:23 PM,5.99,27.84,,,
246,08/06/16 10:51:23 PM,5.99,27.84,,,
247,08/06/16 11:06:23 PM,5.97,27.82,,,
248,08/06/16 11:21:23 PM,5.94,27.80,,,
249,08/06/16 11:36:23 PM,5.92,27.78,,,
250,08/06/16 11:51:23 PM,5.91,27.74,,,
251,08/07/16 12:06:23 AM,5.89,27.72,,,
252,08/07/16 12:21:23 AM,5.89,27.68,,,
253,08/07/16 12:36:23 AM,5.86,27.64,,,
254,08/07/16 12:51:23 AM,5.84,27.60,,,
255,08/07/16 01:06:23 AM,5.82,27.56,,,
256,08/07/16 01:21:23 AM,5.83,27.50,,,
257,08/07/16 01:36:23 AM,5.83,27.46,,,
258,08/07/16 01:51:23 AM,5.83,27.42,,,
259,08/07/16 02:06:23 AM,5.84,27.36,,,
260,08/07/16 02:21:23 AM,5.87,27.30,,,
261,08/07/16 02:36:23 AM,5.87,27.26,,,
262,08/07/16 02:51:23 AM,5.85,27.20,,,
263,08/07/16 03:06:23 AM,5.67,27.16,,,
264,08/07/16 03:21:23 AM,5.84,27.12,,,
265,08/07/16 03:36:23 AM,5.84,27.06,,,
266,08/07/16 03:51:23 AM,5.83,26.98,,,
267,08/07/16 04:06:23 AM,5.82,26.90,,,
268,08/07/16 04:21:23 AM,5.82,26.84,,,
269,08/07/16 04:36:23 AM,5.81,26.78,,,
270,08/07/16 04:51:23 AM,5.82,26.72,,,
271,08/07/16 05:06:23 AM,5.82,26.66,,,
272,08/07/16 05:21:23 AM,5.84,26.60,,,
273,08/07/16 05:36:23 AM,5.84,26.54,,,
274,08/07/16 05:51:23 AM,5.85,26.50,,,
275,08/07/16 06:06:23 AM,5.83,26.46,,,
276,08/07/16 06:21:23 AM,5.82,26.44,,,
277,08/07/16 06:36:23 AM,5.81,26.40,,,
278,08/07/16 06:51:23 AM,5.79,26.38,,,
279,08/07/16 07:06:23 AM,5.80,26.36,,,
280,08/07/16 07:21:23 AM,5.81,26.36,,,
281,08/07/16 07:36:23 AM,5.83,26.34,,,
282,08/07/16 07:51:23 AM,5.85,26.32,,,
283,08/07/16 08:06:23 AM,5.88,26.32,,,
284,08/07/16 08:21:23 AM,5.91,26.32,,,
285,08/07/16 08:36:23 AM,5.97,26.34,,,
286,08/07/16 08:51:23 AM,6.02,26.34,,,
287,08/07/16 09:06:23 AM,6.06,26.36,,,
288,08/07/16 09:21:23 AM,6.11,26.38,,,
289,08/07/16 09:36:23 AM,6.14,26.42,,,
290,08/07/16 09:51:23 AM,6.21,26.44,,,
291,08/07/16 10:06:23 AM,6.26,26.46,,,
292,08/07/16 10:21:23 AM,6.30,26.48,,,
293,08/07/16 10:36:23 AM,6.35,26.50,,,
294,08/07/16 10:51:23 AM,6.40,26.52,,,
295,08/07/16 11:06:23 AM,6.41,26.54,,,
296,08/07/16 11:21:23 AM,6.45,26.56,,,
297,08/07/16 11:36:23 AM,6.46,26.60,,,
298,08/07/16 11:51:23 AM,6.50,26.62,,,
299,08/07/16 12:06:23 PM,6.47,26.62,,,
300,08/07/16 12:21:23 PM,6.51,26.62,,,
301,08/07/16 12:36:23 PM,6.55,26.64,,,
302,08/07/16 12:51:23 PM,6.69,26.76,,,
303,08/07/16 01:06:23 PM,6.76,26.88,,,
304,08/07/16 01:21:23 PM,6.87,27.00,,,
305,08/07/16 01:36:23 PM,6.91,27.04,,,
306,08/07/16 01:51:23 PM,6.90,27.10,,,
307,08/07/16 02:06:23 PM,6.94,27.12,,,
308,08/07/16 02:21:23 PM,6.97,27.18,,,
309,08/07/16 02:36:23 PM,7.00,27.32,,,
310,08/07/16 02:51:23 PM,7.07,27.44,,,
311,08/07/16 03:06:23 PM,7.05,27.54,,,
312,08/07/16 03:21:23 PM,7.07,27.60,,,
313,08/07/16 03:36:23 PM,7.05,27.64,,,
314,08/07/16 03:51:23 PM,6.98,27.64,,,
315,08/07/16 04:06:23 PM,6.95,27.64,,,
316,08/07/16 04:21:23 PM,6.95,27.64,,,
317,08/07/16 04:36:23 PM,6.90,27.66,,,
318,08/07/16 04:51:23 PM,6.87,27.66,,,
319,08/07/16 05:06:23 PM,6.82,27.66,,,
320,08/07/16 05:21:23 PM,6.75,27.66,,,
321,08/07/16 05:36:23 PM,6.77,27.64,,,
322,08/07/16 05:51:23 PM,6.71,27.62,,,
323,08/07/16 06:06:23 PM,6.66,27.58,,,
324,08/07/16 06:21:23 PM,6.60,27.54,,,
325,08/07/16 06:36:23 PM,6.58,27.50,,,
326,08/07/16 06:51:23 PM,6.53,27.46,,,
327,08/07/16 07:06:23 PM,6.46,27.42,,,
328,08/07/16 07:21:23 PM,6.42,27.36,,,
329,08/07/16 07:36:23 PM,6.35,27.32,,,
330,08/07/16 07:51:23 PM,6.25,27.26,,,
331,08/07/16 08:06:23 PM,6.23,27.22,,,
332,08/07/16 08:21:23 PM,6.18,27.18,,,
333,08/07/16 08:36:23 PM,6.11,27.14,,,
334,08/07/16 08:51:23 PM,6.08,27.10,,,
335,08/07/16 09:06:23 PM,6.04,27.06,,,
336,08/07/16 09:21:23 PM,6.00,27.04,,,
337,08/07/16 09:36:23 PM,5.97,27.00,,,
338,08/07/16 09:51:23 PM,5.93,26.96,,,
339,08/07/16 10:06:23 PM,5.90,26.94,,,
340,08/07/16 10:21:23 PM,5.90,26.92,,,
341,08/07/16 10:36:23 PM,5.85,26.90,,,
342,08/07/16 10:51:23 PM,5.82,26.88,,,
343,08/07/16 11:06:23 PM,5.82,26.86,,,
344,08/07/16 11:21:23 PM,5.79,26.84,,,
345,08/07/16 11:36:23 PM,5.78,26.82,,,
346,08/07/16 11:51:23 PM,5.74,26.80,,,
347,08/08/16 12:06:23 AM,5.69,26.78,,,
348,08/08/16 12:21:23 AM,5.67,26.76,,,
349,08/08/16 12:36:23 AM,5.70,26.74,,,
350,08/08/16 12:51:23 AM,5.69,26.70,,,
351,08/08/16 01:06:23 AM,5.64,26.68,,,
352,08/08/16 01:21:23 AM,5.65,26.66,,,
353,08/08/16 01:36:23 AM,5.63,26.62,,,
354,08/08/16 01:51:23 AM,5.60,26.60,,,
355,08/08/16 02:06:23 AM,5.58,26.58,,,
356,08/08/16 02:21:23 AM,5.58,26.56,,,
357,08/08/16 02:36:23 AM,5.67,26.52,,,
358,08/08/16 02:51:23 AM,5.65,26.50,,,
359,08/08/16 03:06:23 AM,5.68,26.48,,,
360,08/08/16 03:21:23 AM,5.69,26.46,,,
361,08/08/16 03:36:23 AM,5.68,26.42,,,
362,08/08/16 03:51:23 AM,5.70,26.32,,,
363,08/08/16 04:06:23 AM,5.73,26.20,,,
364,08/08/16 04:21:23 AM,5.73,26.14,,,
365,08/08/16 04:36:23 AM,5.69,26.10,,,
366,08/08/16 04:51:23 AM,5.62,26.10,,,
367,08/08/16 05:06:23 AM,5.60,26.08,,,
368,08/08/16 05:21:23 AM,5.60,26.08,,,
369,08/08/16 05:36:23 AM,5.56,26.06,,,
370,08/08/16 05:51:23 AM,5.55,26.04,,,
371,08/08/16 06:06:23 AM,5.56,26.02,,,
372,08/08/16 06:21:23 AM,5.53,26.02,,,
373,08/08/16 06:36:23 AM,5.51,25.98,,,
374,08/08/16 06:51:23 AM,5.54,25.96,,,
375,08/08/16 07:06:23 AM,5.52,25.94,,,
376,08/08/16 07:21:23 AM,5.52,25.92,,,
377,08/08/16 07:36:23 AM,5.53,25.88,,,
378,08/08/16 07:51:23 AM,5.54,25.88,,,
379,08/08/16 08:06:23 AM,5.54,25.88,,,
380,08/08/16 08:21:23 AM,5.60,25.88,,,
381,08/08/16 08:36:23 AM,5.62,25.88,,,
382,08/08/16 08:51:23 AM,5.64,25.88,,,
383,08/08/16 09:06:23 AM,5.68,25.90,,,
384,08/08/16 09:21:23 AM,5.69,25.90,,,
385,08/08/16 09:36:23 AM,5.78,25.92,,,
386,08/08/16 09:51:23 AM,5.83,25.96,,,
387,08/08/16 10:06:23 AM,5.82,25.98,,,
388,08/08/16 10:21:23 AM,5.88,26.00,,,
389,08/08/16 10:36:23 AM,5.88,26.04,,,
390,08/08/16 10:51:23 AM,5.93,26.06,,,
391,08/08/16 11:06:23 AM,5.99,26.06,,,
392,08/08/16 11:21:23 AM,6.00,26.10,,,
393,08/08/16 11:36:23 AM,6.09,26.14,,,
394,08/08/16 11:51:23 AM,6.09,26.22,,,
395,08/08/16 12:06:23 PM,6.19,26.32,,,
396,08/08/16 12:21:23 PM,6.25,26.40,,,
397,08/08/16 12:36:23 PM,6.26,26.44,,,
398,08/08/16 12:51:23 PM,6.24,26.52,,,
399,08/08/16 01:06:23 PM,6.32,26.60,,,
400,08/08/16 01:21:23 PM,6.40,26.68,,,
401,08/08/16 01:36:23 PM,6.47,26.78,,,
402,08/08/16 01:51:23 PM,6.51,26.86,,,
403,08/08/16 02:06:23 PM,6.44,26.88,,,
404,08/08/16 02:21:23 PM,6.38,26.90,,,
405,08/08/16 02:36:23 PM,6.34,26.88,,,
406,08/08/16 02:51:23 PM,6.47,26.86,,,
407,08/08/16 03:06:23 PM,6.42,26.84,,,
408,08/08/16 03:21:23 PM,6.50,26.84,,,
409,08/08/16 03:36:23 PM,6.51,26.88,,,
410,08/08/16 03:51:23 PM,6.51,26.92,,,
411,08/08/16 04:06:23 PM,6.35,26.96,,,
412,08/08/16 04:21:23 PM,6.43,27.00,,,
413,08/08/16 04:36:23 PM,6.27,26.98,,,
414,08/08/16 04:51:23 PM,6.38,26.94,,,
415,08/08/16 05:06:23 PM,6.33,26.90,,,
416,08/08/16 05:21:23 PM,6.32,26.84,,,
417,08/08/16 05:36:23 PM,6.33,26.76,,,
418,08/08/16 05:51:23 PM,6.37,26.62,,,
419,08/08/16 06:06:23 PM,6.39,26.52,,,
420,08/08/16 06:21:23 PM,6.36,26.44,,,
421,08/08/16 06:36:23 PM,6.26,26.40,,,
422,08/08/16 06:51:23 PM,6.27,26.38,,,
423,08/08/16 07:06:23 PM,6.19,26.38,,,
424,08/08/16 07:21:23 PM,6.17,26.36,,,
425,08/08/16 07:36:23 PM,6.08,26.34,,,
426,08/08/16 07:51:23 PM,6.00,26.32,,,
427,08/08/16 08:06:23 PM,5.94,26.30,,,
428,08/08/16 08:21:23 PM,5.89,26.26,,,
429,08/08/16 08:36:23 PM,5.85,26.24,,,
430,08/08/16 08:51:23 PM,5.83,26.22,,,
431,08/08/16 09:06:23 PM,5.76,26.22,,,
432,08/08/16 09:21:23 PM,5.70,26.20,,,
433,08/08/16 09:36:23 PM,5.67,26.18,,,
434,08/08/16 09:51:23 PM,5.61,26.18,,,
435,08/08/16 10:06:23 PM,5.60,26.16,,,
436,08/08/16 10:21:23 PM,5.56,26.16,,,
437,08/08/16 10:36:23 PM,5.58,26.14,,,
438,08/08/16 10:51:23 PM,5.68,26.12,,,
439,08/08/16 11:06:23 PM,5.74,26.08,,,
440,08/08/16 11:21:23 PM,5.90,26.08,,,
441,08/08/16 11:36:23 PM,5.96,26.08,,,
442,08/08/16 11:51:23 PM,5.96,26.04,,,
443,08/09/16 12:06:23 AM,6.11,25.88,,,
444,08/09/16 12:21:23 AM,6.20,25.80,,,
445,08/09/16 12:36:23 AM,6.18,25.78,,,
446,08/09/16 12:51:23 AM,6.17,25.76,,,
447,08/09/16 01:06:23 AM,6.15,25.72,,,
448,08/09/16 01:21:23 AM,6.11,25.68,,,
449,08/09/16 01:36:23 AM,6.08,25.66,,,
450,08/09/16 01:51:23 AM,6.01,25.66,,,
451,08/09/16 02:06:23 AM,5.98,25.70,,,
452,08/09/16 02:21:23 AM,5.96,25.74,,,
453,08/09/16 02:36:23 AM,5.93,25.78,,,
454,08/09/16 02:51:23 AM,5.92,25.82,,,
455,08/09/16 03:06:23 AM,5.91,25.84,,,
456,08/09/16 03:21:23 AM,5.88,25.86,,,
457,08/09/16 03:36:23 AM,5.87,25.90,,,
458,08/09/16 03:51:23 AM,5.86,25.92,,,
459,08/09/16 04:06:23 AM,5.84,25.94,,,
460,08/09/16 04:21:23 AM,5.82,25.94,,,
461,08/09/16 04:36:23 AM,5.83,25.96,,,
462,08/09/16 04:51:23 AM,5.81,25.96,,,
463,08/09/16 05:06:23 AM,5.82,25.96,,,
464,08/09/16 05:21:23 AM,5.83,25.96,,,
465,08/09/16 05:36:23 AM,5.81,25.96,,,
466,08/09/16 05:51:23 AM,5.80,25.94,,,
467,08/09/16 06:06:23 AM,5.80,25.92,,,
468,08/09/16 06:21:23 AM,5.79,25.92,,,
469,08/09/16 06:36:23 AM,5.78,25.90,,,
470,08/09/16 06:51:23 AM,5.78,25.88,,,
471,08/09/16 07:06:23 AM,5.79,25.88,,,
472,08/09/16 07:21:23 AM,5.76,25.88,,,
473,08/09/16 07:36:23 AM,5.78,25.88,,,
474,08/09/16 07:51:23 AM,5.81,25.88,,,
475,08/09/16 08:06:23 AM,5.83,25.88,,,
476,08/09/16 08:21:23 AM,5.86,25.90,,,
477,08/09/16 08:36:23 AM,5.91,25.92,,,
478,08/09/16 08:51:23 AM,5.94,25.96,,,
479,08/09/16 09:06:23 AM,6.03,26.02,,,
480,08/09/16 09:21:23 AM,6.08,26.06,,,
481,08/09/16 09:36:23 AM,6.12,26.12,,,
482,08/09/16 09:51:23 AM,6.18,26.20,,,
483,08/09/16 10:06:23 AM,6.23,26.28,,,
484,08/09/16 10:21:23 AM,6.26,26.38,,,
485,08/09/16 10:36:23 AM,6.29,26.48,,,
486,08/09/16 10:51:23 AM,6.35,26.58,,,
487,08/09/16 11:06:23 AM,6.41,26.72,,,
488,08/09/16 11:21:23 AM,6.47,26.84,,,
489,08/09/16 11:36:23 AM,6.50,26.94,,,
490,08/09/16 11:51:23 AM,6.53,27.06,,,
491,08/09/16 12:06:23 PM,6.57,27.18,,,
492,08/09/16 12:21:23 PM,6.60,27.26,,,
493,08/09/16 12:36:23 PM,6.64,27.40,,,
494,08/09/16 12:51:23 PM,6.66,27.50,,,
495,08/09/16 01:06:23 PM,6.66,27.54,,,
496,08/09/16 01:21:23 PM,6.65,27.58,,,
497,08/09/16 01:36:23 PM,6.70,27.66,,,
498,08/09/16 01:51:23 PM,6.69,27.74,,,
499,08/09/16 02:06:23 PM,6.68,27.80,,,
500,08/09/16 02:21:23 PM,6.66,27.82,,,
501,08/09/16 02:36:23 PM,6.63,27.84,,,
502,08/09/16 02:51:23 PM,6.62,27.84,,,
503,08/09/16 03:06:23 PM,6.63,27.88,,,
504,08/09/16 03:21:23 PM,6.63,27.92,,,
505,08/09/16 03:36:23 PM,6.60,27.94,,,
506,08/09/16 03:51:23 PM,6.56,27.94,,,
507,08/09/16 04:06:23 PM,6.53,27.90,,,
508,08/09/16 04:21:23 PM,6.50,27.90,,,
509,08/09/16 04:36:23 PM,6.50,27.90,,,
510,08/09/16 04:51:23 PM,6.48,27.92,,,
511,08/09/16 05:06:23 PM,6.46,27.90,,,
512,08/09/16 05:21:23 PM,6.45,27.90,,,
513,08/09/16 05:36:23 PM,6.40,27.90,,,
514,08/09/16 05:51:23 PM,6.35,27.86,,,
515,08/09/16 06:06:23 PM,6.27,27.82,,,
516,08/09/16 06:21:23 PM,6.21,27.78,,,
517,08/09/16 06:36:23 PM,6.16,27.74,,,
518,08/09/16 06:51:23 PM,6.12,27.72,,,
519,08/09/16 07:06:23 PM,6.09,27.68,,,
520,08/09/16 07:21:23 PM,6.04,27.66,,,
521,08/09/16 07:36:23 PM,6.00,27.64,,,
522,08/09/16 07:51:23 PM,5.98,27.60,,,
523,08/09/16 08:06:23 PM,5.93,27.58,,,
524,08/09/16 08:21:23 PM,5.91,27.56,,,
525,08/09/16 08:36:23 PM,5.90,27.52,,,
526,08/09/16 08:51:23 PM,5.87,27.48,,,
527,08/09/16 09:06:23 PM,5.85,27.46,,,
528,08/09/16 09:21:23 PM,5.83,27.44,,,
529,08/09/16 09:36:23 PM,5.81,27.40,,,
530,08/09/16 09:51:23 PM,5.80,27.38,,,
531,08/09/16 10:06:23 PM,5.78,27.34,,,
532,08/09/16 10:21:23 PM,5.76,27.32,,,
533,08/09/16 10:36:23 PM,5.75,27.28,,,
534,08/09/16 10:51:23 PM,5.74,27.26,,,
535,08/09/16 11:06:23 PM,5.72,27.22,,,
536,08/09/16 11:21:23 PM,5.70,27.18,,,
537,08/09/16 11:36:23 PM,5.68,27.16,,,
538,08/09/16 11:51:23 PM,5.66,27.12,,,
539,08/10/16 12:06:23 AM,5.66,27.08,,,
540,08/10/16 12:21:23 AM,5.69,27.06,,,
541,08/10/16 12:36:23 AM,5.68,27.02,,,
542,08/10/16 12:51:23 AM,5.64,26.98,,,
543,08/10/16 01:06:23 AM,5.65,26.94,,,
544,08/10/16 01:21:23 AM,5.64,26.92,,,
545,08/10/16 01:36:23 AM,5.67,26.88,,,
546,08/10/16 01:51:23 AM,5.58,26.84,,,
547,08/10/16 02:06:23 AM,5.62,26.80,,,
548,08/10/16 02:21:23 AM,5.63,26.76,,,
549,08/10/16 02:36:23 AM,5.58,26.72,,,
550,08/10/16 02:51:23 AM,5.60,26.68,,,
551,08/10/16 03:06:23 AM,5.62,26.66,,,
552,08/10/16 03:21:23 AM,5.58,26.62,,,
553,08/10/16 03:36:23 AM,5.58,26.58,,,
554,08/10/16 03:51:23 AM,5.62,26.54,,,
555,08/10/16 04:06:23 AM,5.58,26.50,,,
556,08/10/16 04:21:23 AM,5.62,26.46,,,
557,08/10/16 04:36:23 AM,5.56,26.42,,,
558,08/10/16 04:51:23 AM,5.61,26.38,,,
559,08/10/16 05:06:23 AM,5.61,26.34,,,
560,08/10/16 05:21:23 AM,5.61,26.30,,,
561,08/10/16 05:36:23 AM,5.62,26.26,,,
562,08/10/16 05:51:23 AM,5.67,26.22,,,
563,08/10/16 06:06:23 AM,5.66,26.18,,,
564,08/10/16 06:21:23 AM,5.67,26.14,,,
565,08/10/16 06:36:23 AM,5.64,26.12,,,
566,08/10/16 06:51:23 AM,5.65,26.10,,,
567,08/10/16 07:06:23 AM,5.67,26.08,,,
568,08/10/16 07:21:23 AM,5.66,26.06,,,
569,08/10/16 07:36:23 AM,5.68,26.06,,,
570,08/10/16 07:51:23 AM,5.68,26.06,,,
571,08/10/16 08:06:23 AM,5.69,26.08,,,
572,08/10/16 08:21:23 AM,5.69,26.10,,,
573,08/10/16 08:36:23 AM,5.72,26.12,,,
574,08/10/16 08:51:23 AM,5.78,26.16,,,
575,08/10/16 09:06:23 AM,5.81,26.20,,,
576,08/10/16 09:21:23 AM,5.86,26.22,,,
577,08/10/16 09:36:23 AM,5.90,26.26,,,
578,08/10/16 09:51:23 AM,5.97,26.34,,,
579,08/10/16 10:06:23 AM,6.04,26.38,,,
580,08/10/16 10:21:23 AM,6.11,26.48,,,
581,08/10/16 10:36:23 AM,6.20,26.62,,,
582,08/10/16 10:51:23 AM,6.22,26.74,,,
583,08/10/16 11:06:23 AM,6.30,26.86,,,
584,08/10/16 11:21:23 AM,6.36,26.98,,,
585,08/10/16 11:36:23 AM,6.39,27.10,,,
586,08/10/16 11:51:23 AM,6.41,27.22,,,
587,08/10/16 12:06:23 PM,6.45,27.32,,,
588,08/10/16 12:21:23 PM,6.46,27.42,,,
589,08/10/16 12:36:23 PM,6.46,27.50,,,
590,08/10/16 12:51:23 PM,6.58,27.58,,,
591,08/10/16 01:06:23 PM,6.57,27.70,,,
592,08/10/16 01:21:23 PM,6.71,27.86,,,
593,08/10/16 01:36:23 PM,6.80,28.00,,,
594,08/10/16 01:51:23 PM,6.73,28.10,,,
595,08/10/16 02:06:23 PM,6.81,28.20,,,
596,08/10/16 02:21:23 PM,6.79,28.24,,,
597,08/10/16 02:36:23 PM,6.69,28.24,,,
598,08/10/16 02:51:23 PM,6.63,28.26,,,
599,08/10/16 03:06:23 PM,6.58,28.28,,,
600,08/10/16 03:21:23 PM,6.56,28.32,,,
601,08/10/16 03:36:23 PM,6.53,28.36,,,
602,08/10/16 03:51:23 PM,6.53,28.40,,,
603,08/10/16 04:06:23 PM,6.62,28.46,,,
604,08/10/16 04:21:23 PM,6.51,28.50,,,
605,08/10/16 04:36:23 PM,6.51,28.52,,,
606,08/10/16 04:51:23 PM,6.44,28.52,,,
607,08/10/16 05:06:23 PM,6.44,28.52,,,
608,08/10/16 05:21:23 PM,6.40,28.52,,,
609,08/10/16 05:36:23 PM,6.37,28.50,,,
610,08/10/16 05:51:23 PM,6.34,28.48,,,
611,08/10/16 06:06:23 PM,6.32,28.46,,,
612,08/10/16 06:21:23 PM,6.33,28.42,,,
613,08/10/16 06:36:23 PM,6.24,28.38,,,
614,08/10/16 06:51:23 PM,6.18,28.32,,,
615,08/10/16 07:06:23 PM,6.15,28.26,,,
616,08/10/16 07:21:23 PM,6.09,28.20,,,
617,08/10/16 07:36:23 PM,6.01,28.12,,,
618,08/10/16 07:51:23 PM,5.92,28.04,,,
619,08/10/16 08:06:23 PM,5.85,27.98,,,
620,08/10/16 08:21:23 PM,5.74,27.90,,,
621,08/10/16 08:36:23 PM,5.72,27.84,,,
622,08/10/16 08:51:23 PM,5.66,27.78,,,
623,08/10/16 09:06:23 PM,5.61,27.74,,,
624,08/10/16 09:21:23 PM,5.57,27.70,,,
625,08/10/16 09:36:23 PM,5.55,27.66,,,
626,08/10/16 09:51:23 PM,5.55,27.62,,,
627,08/10/16 10:06:23 PM,5.51,27.58,,,
628,08/10/16 10:21:23 PM,5.54,27.56,,,
629,08/10/16 10:36:23 PM,5.49,27.54,,,
630,08/10/16 10:51:23 PM,5.51,27.52,,,
631,08/10/16 11:06:23 PM,5.43,27.48,,,
632,08/10/16 11:21:23 PM,5.36,27.46,,,
633,08/10/16 11:36:23 PM,5.39,27.44,,,
634,08/10/16 11:51:23 PM,5.40,27.42,,,
635,08/11/16 12:06:23 AM,5.40,27.40,,,
636,08/11/16 12:21:23 AM,5.31,27.38,,,
637,08/11/16 12:36:23 AM,5.37,27.36,,,
638,08/11/16 12:51:23 AM,5.32,27.32,,,
639,08/11/16 01:06:23 AM,5.38,27.30,,,
640,08/11/16 01:21:23 AM,5.38,27.28,,,
641,08/11/16 01:36:23 AM,5.36,27.24,,,
642,08/11/16 01:51:23 AM,5.37,27.22,,,
643,08/11/16 02:06:23 AM,5.22,27.18,,,
644,08/11/16 02:21:23 AM,5.28,27.14,,,
645,08/11/16 02:36:23 AM,5.27,27.12,,,
646,08/11/16 02:51:23 AM,5.19,27.08,,,
647,08/11/16 03:06:23 AM,5.16,27.04,,,
648,08/11/16 03:21:23 AM,5.19,27.02,,,
649,08/11/16 03:36:23 AM,5.28,26.98,,,
650,08/11/16 03:51:23 AM,5.19,26.96,,,
651,08/11/16 04:06:23 AM,5.17,26.90,,,
652,08/11/16 04:21:23 AM,5.30,26.88,,,
653,08/11/16 04:36:23 AM,5.17,26.84,,,
654,08/11/16 04:51:23 AM,5.17,26.80,,,
655,08/11/16 05:06:23 AM,5.07,26.76,,,
656,08/11/16 05:21:23 AM,5.21,26.72,,,
657,08/11/16 05:36:23 AM,5.14,26.68,,,
658,08/11/16 05:51:23 AM,5.22,26.64,,,
659,08/11/16 06:06:23 AM,5.22,26.60,,,
660,08/11/16 06:21:23 AM,5.21,26.56,,,
661,08/11/16 06:36:23 AM,5.32,26.54,,,
662,08/11/16 06:51:23 AM,5.19,26.50,,,
663,08/11/16 07:06:23 AM,5.17,26.48,,,
664,08/11/16 07:21:23 AM,5.13,26.46,,,
665,08/11/16 07:36:23 AM,5.24,26.46,,,
666,08/11/16 07:51:23 AM,5.31,26.46,,,
667,08/11/16 08:06:23 AM,5.19,26.48,,,
668,08/11/16 08:21:23 AM,5.27,26.50,,,
669,08/11/16 08:36:23 AM,5.24,26.52,,,
670,08/11/16 08:51:23 AM,5.27,26.54,,,
671,08/11/16 09:06:23 AM,5.30,26.56,,,
672,08/11/16 09:21:23 AM,5.31,26.60,,,
673,08/11/16 09:36:23 AM,5.43,26.66,,,
674,08/11/16 09:51:23 AM,5.56,26.76,,,
675,08/11/16 10:06:23 AM,5.57,26.90,,,
676,08/11/16 10:21:23 AM,5.68,27.00,,,
677,08/11/16 10:36:23 AM,5.76,27.12,,,
678,08/11/16 10:51:23 AM,5.71,27.22,,,
679,08/11/16 11:06:23 AM,5.84,27.32,,,
680,08/11/16 11:21:23 AM,5.97,27.44,,,
681,08/11/16 11:36:23 AM,5.96,27.54,,,
682,08/11/16 11:51:23 AM,6.14,27.68,,,
683,08/11/16 12:06:23 PM,6.17,27.80,,,
684,08/11/16 12:21:23 PM,6.26,27.94,,,
685,08/11/16 12:36:23 PM,6.33,28.06,,,
686,08/11/16 12:51:23 PM,6.30,28.16,,,
687,08/11/16 01:06:23 PM,6.42,28.26,,,
688,08/11/16 01:21:23 PM,6.54,28.38,,,
689,08/11/16 01:36:23 PM,6.32,28.48,,,
690,08/11/16 01:51:23 PM,6.33,28.60,,,
691,08/11/16 02:06:23 PM,6.68,28.70,,,
692,08/11/16 02:21:23 PM,6.68,28.74,,,
693,08/11/16 02:36:23 PM,6.64,28.78,,,
694,08/11/16 02:51:23 PM,6.46,28.80,,,
695,08/11/16 03:06:23 PM,6.50,28.84,,,
696,08/11/16 03:21:23 PM,6.50,28.86,,,
697,08/11/16 03:36:23 PM,6.43,28.88,,,
698,08/11/16 03:51:23 PM,6.40,28.90,,,
699,08/11/16 04:06:23 PM,6.46,28.90,,,
700,08/11/16 04:21:23 PM,6.27,28.94,,,
701,08/11/16 04:36:23 PM,6.14,28.94,,,
702,08/11/16 04:51:23 PM,6.25,28.96,,,
703,08/11/16 05:06:23 PM,6.16,28.96,,,
704,08/11/16 05:21:23 PM,6.03,28.94,,,
705,08/11/16 05:36:23 PM,6.14,28.94,,,
706,08/11/16 05:51:23 PM,6.02,28.92,,,
707,08/11/16 06:06:23 PM,5.98,28.90,,,
708,08/11/16 06:21:23 PM,6.18,28.88,,,
709,08/11/16 06:36:23 PM,6.08,28.84,,,
710,08/11/16 06:51:23 PM,6.03,28.80,,,
711,08/11/16 07:06:23 PM,6.06,28.74,,,
712,08/11/16 07:21:23 PM,5.97,28.68,,,
713,08/11/16 07:36:23 PM,5.74,28.62,,,
714,08/11/16 07:51:23 PM,5.78,28.54,,,
715,08/11/16 08:06:23 PM,5.78,28.46,,,
716,08/11/16 08:21:23 PM,5.71,28.40,,,
717,08/11/16 08:36:23 PM,5.61,28.32,,,
718,08/11/16 08:51:23 PM,5.58,28.24,,,
719,08/11/16 09:06:23 PM,5.53,28.14,,,
720,08/11/16 09:21:23 PM,5.46,28.06,,,
721,08/11/16 09:36:23 PM,5.42,27.98,,,
722,08/11/16 09:51:23 PM,5.32,27.90,,,
723,08/11/16 10:06:23 PM,5.30,27.84,,,
724,08/11/16 10:21:23 PM,5.27,27.76,,,
725,08/11/16 10:36:23 PM,5.19,27.68,,,
726,08/11/16 10:51:23 PM,5.16,27.62,,,
727,08/11/16 11:06:23 PM,5.21,27.54,,,
728,08/11/16 11:21:23 PM,5.02,27.48,,,
729,08/11/16 11:36:23 PM,5.04,27.44,,,
730,08/11/16 11:51:23 PM,5.07,27.38,,,
731,08/12/16 12:06:23 AM,5.10,27.34,,,
732,08/12/16 12:21:23 AM,5.03,27.28,,,
733,08/12/16 12:36:23 AM,4.97,27.24,,,
734,08/12/16 12:51:23 AM,4.94,27.20,,,
735,08/12/16 01:06:23 AM,4.96,27.16,,,
736,08/12/16 01:21:23 AM,5.10,27.14,,,
737,08/12/16 01:36:23 AM,5.06,27.12,,,
738,08/12/16 01:51:23 AM,5.10,27.08,,,
739,08/12/16 02:06:23 AM,5.07,27.06,,,
740,08/12/16 02:21:23 AM,5.15,27.04,,,
741,08/12/16 02:36:23 AM,5.17,27.02,,,
742,08/12/16 02:51:23 AM,5.06,27.00,,,
743,08/12/16 03:06:23 AM,5.13,26.98,,,
744,08/12/16 03:21:23 AM,5.12,26.96,,,
745,08/12/16 03:36:23 AM,5.19,26.96,,,
746,08/12/16 03:51:23 AM,5.02,26.92,,,
747,08/12/16 04:06:23 AM,5.03,26.90,,,
748,08/12/16 04:21:23 AM,5.12,26.88,,,
749,08/12/16 04:36:23 AM,5.15,26.88,,,
750,08/12/16 04:51:23 AM,5.15,26.86,,,
751,08/12/16 05:06:23 AM,5.04,26.84,,,
752,08/12/16 05:21:23 AM,5.07,26.82,,,
753,08/12/16 05:36:23 AM,5.03,26.80,,,
754,08/12/16 05:51:23 AM,5.01,26.78,,,
755,08/12/16 06:06:23 AM,5.13,26.76,,,
756,08/12/16 06:21:23 AM,5.02,26.74,,,
757,08/12/16 06:36:23 AM,4.94,26.72,,,
758,08/12/16 06:51:23 AM,5.03,26.70,,,
759,08/12/16 07:06:23 AM,4.93,26.68,,,
760,08/12/16 07:21:23 AM,4.96,26.68,,,
761,08/12/16 07:36:23 AM,4.97,26.68,,,
762,08/12/16 07:51:23 AM,4.97,26.70,,,
763,08/12/16 08:06:23 AM,4.98,26.72,,,
764,08/12/16 08:21:23 AM,4.99,26.74,,,
765,08/12/16 08:36:23 AM,4.98,26.76,,,
766,08/12/16 08:51:23 AM,4.93,26.78,,,
767,08/12/16 09:06:23 AM,5.09,26.82,,,
768,08/12/16 09:21:23 AM,5.09,26.86,,,
769,08/12/16 09:36:23 AM,5.06,26.94,,,
770,08/12/16 09:51:23 AM,5.17,27.10,,,
771,08/12/16 10:06:23 AM,5.50,27.24,,,
772,08/12/16 10:21:23 AM,5.49,27.36,,,
773,08/12/16 10:36:23 AM,5.53,27.48,,,
774,08/12/16 10:51:23 AM,5.66,27.56,,,
775,08/12/16 11:06:23 AM,5.75,27.64,,,
776,08/12/16 11:21:23 AM,5.81,27.76,,,
777,08/12/16 11:36:23 AM,5.79,27.88,,,
778,08/12/16 11:51:23 AM,5.90,28.02,,,
779,08/12/16 12:06:23 PM,5.88,28.18,,,
780,08/12/16 12:21:23 PM,5.94,28.32,,,
781,08/12/16 12:36:23 PM,6.12,28.44,,,
782,08/12/16 12:51:23 PM,6.21,28.60,,,
783,08/12/16 01:06:23 PM,6.26,28.72,,,
784,08/12/16 01:21:23 PM,6.38,28.88,,,
785,08/12/16 01:36:23 PM,6.28,28.98,,,
786,08/12/16 01:51:23 PM,6.15,29.12,,,
787,08/12/16 02:06:23 PM,6.42,29.22,,,
788,08/12/16 02:21:23 PM,6.32,29.34,,,
789,08/12/16 02:36:23 PM,6.22,29.36,,,
790,08/12/16 02:51:23 PM,6.27,29.40,,,
791,08/12/16 03:06:23 PM,6.25,29.42,,,
792,08/12/16 03:21:23 PM,6.15,29.48,,,
793,08/12/16 03:36:23 PM,6.28,29.48,,,
794,08/12/16 03:51:23 PM,6.17,29.46,,,
795,08/12/16 04:06:23 PM,6.10,29.46,,,
796,08/12/16 04:21:23 PM,6.14,29.48,,,
797,08/12/16 04:36:23 PM,6.11,29.50,,,
798,08/12/16 04:51:23 PM,5.98,29.48,,,
799,08/12/16 05:06:23 PM,6.06,29.46,,,
800,08/12/16 05:21:23 PM,6.05,29.42,,,
801,08/12/16 05:36:23 PM,5.92,29.38,,,
802,08/12/16 05:51:23 PM,5.88,29.32,,,
803,08/12/16 06:06:23 PM,5.88,29.28,,,
804,08/12/16 06:21:23 PM,5.82,29.26,,,
805,08/12/16 06:36:23 PM,5.82,29.22,,,
806,08/12/16 06:51:23 PM,5.76,29.16,,,
807,08/12/16 07:06:23 PM,5.67,29.12,,,
808,08/12/16 07:21:23 PM,5.64,29.08,,,
809,08/12/16 07:36:23 PM,5.55,29.02,,,
810,08/12/16 07:51:23 PM,5.62,28.98,,,
811,08/12/16 08:06:23 PM,5.56,28.92,,,
812,08/12/16 08:21:23 PM,5.52,28.86,,,
813,08/12/16 08:36:23 PM,5.47,28.78,,,
814,08/12/16 08:51:23 PM,5.47,28.72,,,
815,08/12/16 09:06:23 PM,5.36,28.62,,,
816,08/12/16 09:21:23 PM,5.35,28.54,,,
817,08/12/16 09:36:23 PM,5.26,28.46,,,
818,08/12/16 09:51:23 PM,5.21,28.40,,,
819,08/12/16 10:06:23 PM,5.15,28.32,,,
820,08/12/16 10:21:23 PM,5.07,28.24,,,
821,08/12/16 10:36:23 PM,5.09,28.18,,,
822,08/12/16 10:51:23 PM,5.01,28.12,,,
823,08/12/16 11:06:23 PM,4.94,28.06,,,
824,08/12/16 11:21:23 PM,4.85,28.00,,,
825,08/12/16 11:36:23 PM,4.91,27.94,,,
826,08/12/16 11:51:23 PM,4.73,27.88,,,
827,08/13/16 12:06:23 AM,4.82,27.82,,,
828,08/13/16 12:21:23 AM,4.75,27.78,,,
829,08/13/16 12:36:23 AM,4.85,27.72,,,
830,08/13/16 12:51:23 AM,4.85,27.68,,,
831,08/13/16 01:06:23 AM,4.83,27.64,,,
832,08/13/16 01:21:23 AM,4.79,27.60,,,
833,08/13/16 01:36:23 AM,4.79,27.56,,,
834,08/13/16 01:51:23 AM,4.70,27.54,,,
835,08/13/16 02:06:23 AM,4.75,27.50,,,
836,08/13/16 02:21:23 AM,4.72,27.48,,,
837,08/13/16 02:36:23 AM,4.94,27.44,,,
838,08/13/16 02:51:23 AM,4.86,27.44,,,
839,08/13/16 03:06:23 AM,4.73,27.40,,,
840,08/13/16 03:21:23 AM,4.83,27.38,,,
841,08/13/16 03:36:23 AM,4.78,27.36,,,
842,08/13/16 03:51:23 AM,4.86,27.34,,,
843,08/13/16 04:06:23 AM,4.86,27.32,,,
844,08/13/16 04:21:23 AM,4.94,27.30,,,
845,08/13/16 04:36:23 AM,4.91,27.28,,,
846,08/13/16 04:51:23 AM,4.96,27.26,,,
847,08/13/16 05:06:23 AM,4.97,27.26,,,
848,08/13/16 05:21:23 AM,4.97,27.24,,,
849,08/13/16 05:36:23 AM,4.93,27.20,,,
850,08/13/16 05:51:23 AM,4.91,27.18,,,
851,08/13/16 06:06:23 AM,4.98,27.18,,,
852,08/13/16 06:21:23 AM,4.94,27.16,,,
853,08/13/16 06:36:23 AM,4.91,27.14,,,
854,08/13/16 06:51:23 AM,4.88,27.14,,,
855,08/13/16 07:06:23 AM,4.85,27.12,,,
856,08/13/16 07:21:23 AM,4.80,27.12,,,
857,08/13/16 07:36:23 AM,4.85,27.12,,,
858,08/13/16 07:51:23 AM,4.80,27.14,,,
859,08/13/16 08:06:23 AM,4.73,27.16,,,
860,08/13/16 08:21:23 AM,4.82,27.18,,,
861,08/13/16 08:36:23 AM,4.74,27.20,,,
862,08/13/16 08:51:23 AM,4.67,27.24,,,
863,08/13/16 09:06:23 AM,4.89,27.26,,,
864,08/13/16 09:21:23 AM,4.89,27.32,,,
865,08/13/16 09:36:23 AM,4.98,27.40,,,
866,08/13/16 09:51:23 AM,5.15,27.56,,,
867,08/13/16 10:06:23 AM,5.08,27.70,,,
868,08/13/16 10:21:23 AM,5.15,27.80,,,
869,08/13/16 10:36:23 AM,5.26,27.90,,,
870,08/13/16 10:51:23 AM,5.27,28.02,,,
871,08/13/16 11:06:23 AM,5.39,28.16,,,
872,08/13/16 11:21:23 AM,5.57,28.30,,,
873,08/13/16 11:36:23 AM,5.53,28.44,,,
874,08/13/16 11:51:23 AM,5.62,28.58,,,
875,08/13/16 12:06:23 PM,5.65,28.70,,,
876,08/13/16 12:21:23 PM,5.80,28.84,,,
877,08/13/16 12:36:23 PM,5.84,29.00,,,
878,08/13/16 12:51:23 PM,5.88,29.18,,,
879,08/13/16 01:06:23 PM,5.91,29.30,,,
880,08/13/16 01:21:23 PM,6.06,29.50,,,
881,08/13/16 01:36:23 PM,5.98,29.62,,,
882,08/13/16 01:51:23 PM,6.52,29.74,,,
883,08/13/16 02:06:23 PM,6.50,29.86,,,
884,08/13/16 02:21:23 PM,6.35,29.90,,,
885,08/13/16 02:36:23 PM,6.25,29.92,,,
886,08/13/16 02:51:23 PM,6.12,29.92,,,
887,08/13/16 03:06:23 PM,6.08,29.94,,,
888,08/13/16 03:21:23 PM,6.16,29.98,,,
889,08/13/16 03:36:23 PM,6.14,30.00,,,
890,08/13/16 03:51:23 PM,6.15,30.00,,,
891,08/13/16 04:06:23 PM,6.24,30.04,,,
892,08/13/16 04:21:23 PM,6.32,30.04,,,
893,08/13/16 04:36:23 PM,6.20,30.08,,,
894,08/13/16 04:51:23 PM,6.14,30.06,,,
895,08/13/16 05:06:23 PM,6.09,30.02,,,
896,08/13/16 05:21:23 PM,6.02,29.98,,,
897,08/13/16 05:36:23 PM,5.89,29.94,,,
898,08/13/16 05:51:23 PM,5.86,29.90,,,
899,08/13/16 06:06:23 PM,5.88,29.84,,,
900,08/13/16 06:21:23 PM,5.82,29.80,,,
901,08/13/16 06:36:23 PM,5.80,29.74,,,
902,08/13/16 06:51:23 PM,5.82,29.70,,,
903,08/13/16 07:06:23 PM,5.71,29.64,,,
904,08/13/16 07:21:23 PM,5.66,29.60,,,
905,08/13/16 07:36:23 PM,5.60,29.52,,,
906,08/13/16 07:51:23 PM,5.63,29.46,,,
907,08/13/16 08:06:23 PM,5.49,29.38,,,
908,08/13/16 08:21:23 PM,5.46,29.32,,,
909,08/13/16 08:36:23 PM,5.35,29.22,,,
910,08/13/16 08:51:23 PM,5.29,29.14,,,
911,08/13/16 09:06:23 PM,5.18,29.04,,,
912,08/13/16 09:21:23 PM,5.09,28.96,,,
913,08/13/16 09:36:23 PM,5.03,28.88,,,
914,08/13/16 09:51:23 PM,5.00,28.76,,,
915,08/13/16 10:06:23 PM,4.97,28.68,,,
916,08/13/16 10:21:23 PM,4.86,28.60,,,
917,08/13/16 10:36:23 PM,4.90,28.52,,,
918,08/13/16 10:51:23 PM,4.80,28.46,,,
919,08/13/16 11:06:23 PM,4.66,28.40,,,
920,08/13/16 11:21:23 PM,4.82,28.34,,,
921,08/13/16 11:36:23 PM,4.71,28.28,,,
922,08/13/16 11:51:23 PM,4.66,28.20,,,
923,08/14/16 12:06:23 AM,4.67,28.14,,,
924,08/14/16 12:21:23 AM,4.80,28.10,,,
925,08/14/16 12:36:23 AM,4.65,28.04,,,
926,08/14/16 12:51:23 AM,4.64,28.00,,,
927,08/14/16 01:06:23 AM,4.65,27.96,,,
928,08/14/16 01:21:23 AM,4.70,27.90,,,
929,08/14/16 01:36:23 AM,4.75,27.86,,,
930,08/14/16 01:51:23 AM,4.76,27.82,,,
931,08/14/16 02:06:23 AM,4.75,27.80,,,
932,08/14/16 02:21:23 AM,4.79,27.76,,,
933,08/14/16 02:36:23 AM,4.82,27.74,,,
934,08/14/16 02:51:23 AM,4.79,27.72,,,
935,08/14/16 03:06:23 AM,4.72,27.70,,,
936,08/14/16 03:21:23 AM,4.79,27.68,,,
937,08/14/16 03:36:23 AM,4.82,27.64,,,
938,08/14/16 03:51:23 AM,4.85,27.62,,,
939,08/14/16 04:06:23 AM,4.95,27.60,,,
940,08/14/16 04:21:23 AM,4.97,27.58,,,
941,08/14/16 04:36:23 AM,4.94,27.56,,,
942,08/14/16 04:51:23 AM,4.92,27.54,,,
943,08/14/16 05:06:23 AM,4.92,27.50,,,
944,08/14/16 05:21:23 AM,4.90,27.48,,,
945,08/14/16 05:36:23 AM,4.84,27.46,,,
946,08/14/16 05:51:23 AM,4.88,27.44,,,
947,08/14/16 06:06:23 AM,4.85,27.42,,,
948,08/14/16 06:21:23 AM,4.85,27.38,,,
949,08/14/16 06:36:23 AM,4.85,27.36,,,
950,08/14/16 06:51:23 AM,4.81,27.36,,,
951,08/14/16 07:06:23 AM,4.76,27.34,,,
952,08/14/16 07:21:23 AM,4.81,27.34,,,
953,08/14/16 07:36:23 AM,4.80,27.34,,,
954,08/14/16 07:51:23 AM,4.78,27.36,,,
955,08/14/16 08:06:23 AM,4.76,27.38,,,
956,08/14/16 08:21:23 AM,4.77,27.40,,,
957,08/14/16 08:36:23 AM,4.72,27.42,,,
958,08/14/16 08:51:23 AM,4.71,27.42,,,
959,08/14/16 09:06:23 AM,4.91,27.46,,,
960,08/14/16 09:21:23 AM,5.09,27.52,,,
961,08/14/16 09:36:23 AM,5.03,27.60,,,
962,08/14/16 09:51:23 AM,4.99,27.72,,,
963,08/14/16 10:06:23 AM,5.09,27.86,,,
964,08/14/16 10:21:23 AM,5.17,27.96,,,
965,08/14/16 10:36:23 AM,5.21,28.04,,,
966,08/14/16 10:51:23 AM,5.27,28.18,,,
967,08/14/16 11:06:23 AM,5.34,28.32,,,
968,08/14/16 11:21:23 AM,5.47,28.46,,,
969,08/14/16 11:36:23 AM,5.48,28.62,,,
970,08/14/16 11:51:23 AM,5.68,28.80,,,
971,08/14/16 12:06:23 PM,5.75,28.94,,,
972,08/14/16 12:21:23 PM,5.90,29.10,,,
973,08/14/16 12:36:23 PM,5.97,29.26,,,
974,08/14/16 12:51:23 PM,6.04,29.42,,,
975,08/14/16 01:06:23 PM,6.02,29.62,,,
976,08/14/16 01:21:23 PM,6.29,29.80,,,
977,08/14/16 01:36:23 PM,6.24,29.96,,,
978,08/14/16 01:51:23 PM,6.36,30.12,,,
979,08/14/16 02:06:23 PM,6.37,30.22,,,
980,08/14/16 02:21:23 PM,6.29,30.28,,,
981,08/14/16 02:36:23 PM,6.32,30.32,,,
982,08/14/16 02:51:23 PM,6.30,30.38,,,
983,08/14/16 03:06:23 PM,6.29,30.40,,,
984,08/14/16 03:21:23 PM,6.33,30.40,,,
985,08/14/16 03:36:23 PM,6.23,30.42,,,
986,08/14/16 03:51:23 PM,6.28,30.42,,,
987,08/14/16 04:06:23 PM,6.25,30.42,,,
988,08/14/16 04:21:23 PM,6.25,30.42,,,
989,08/14/16 04:36:23 PM,6.26,30.42,,,
990,08/14/16 04:51:23 PM,6.24,30.40,,,
991,08/14/16 05:06:23 PM,6.24,30.38,,,
992,08/14/16 05:21:23 PM,6.22,30.36,,,
993,08/14/16 05:36:23 PM,6.21,30.34,,,
994,08/14/16 05:51:23 PM,6.23,30.30,,,
995,08/14/16 06:06:23 PM,6.19,30.26,,,
996,08/14/16 06:21:23 PM,6.14,30.20,,,
997,08/14/16 06:36:23 PM,6.08,30.12,,,
998,08/14/16 06:51:23 PM,6.04,30.02,,,
999,08/14/16 07:06:23 PM,5.96,29.92,,,
1000,08/14/16 07:21:23 PM,5.97,29.78,,,
1001,08/14/16 07:36:23 PM,5.82,29.62,,,
1002,08/14/16 07:51:23 PM,5.73,29.50,,,
1003,08/14/16 08:06:23 PM,5.67,29.38,,,
1004,08/14/16 08:21:23 PM,5.63,29.28,,,
1005,08/14/16 08:36:23 PM,5.61,29.18,,,
1006,08/14/16 08:51:23 PM,5.49,29.10,,,
1007,08/14/16 09:06:23 PM,5.48,29.02,,,
1008,08/14/16 09:21:23 PM,5.46,28.92,,,
1009,08/14/16 09:36:23 PM,5.36,28.86,,,
1010,08/14/16 09:51:23 PM,5.32,28.80,,,
1011,08/14/16 10:06:23 PM,5.28,28.72,,,
1012,08/14/16 10:21:23 PM,5.27,28.66,,,
1013,08/14/16 10:36:23 PM,5.18,28.60,,,
1014,08/14/16 10:51:23 PM,5.14,28.54,,,
1015,08/14/16 11:06:23 PM,5.16,28.48,,,
1016,08/14/16 11:21:23 PM,5.12,28.42,,,
1017,08/14/16 11:36:23 PM,5.11,28.36,,,
1018,08/14/16 11:51:23 PM,5.11,28.30,,,
1019,08/15/16 12:06:23 AM,5.15,28.24,,,
1020,08/15/16 12:21:23 AM,5.04,28.18,,,
1021,08/15/16 12:36:23 AM,5.04,28.14,,,
1022,08/15/16 12:51:23 AM,5.01,28.10,,,
1023,08/15/16 01:06:23 AM,5.04,28.06,,,
1024,08/15/16 01:21:23 AM,5.01,28.02,,,
1025,08/15/16 01:36:23 AM,5.02,27.98,,,
1026,08/15/16 01:51:23 AM,4.94,27.96,,,
1027,08/15/16 02:06:23 AM,5.01,27.92,,,
1028,08/15/16 02:21:23 AM,4.99,27.90,,,
1029,08/15/16 02:36:23 AM,4.95,27.86,,,
1030,08/15/16 02:51:23 AM,4.89,27.82,,,
1031,08/15/16 03:06:23 AM,4.96,27.78,,,
1032,08/15/16 03:21:23 AM,4.96,27.76,,,
1033,08/15/16 03:36:23 AM,4.92,27.72,,,
1034,08/15/16 03:51:23 AM,4.94,27.68,,,
1035,08/15/16 04:06:23 AM,4.93,27.66,,,
1036,08/15/16 04:21:23 AM,4.91,27.62,,,
1037,08/15/16 04:36:23 AM,4.92,27.56,,,
1038,08/15/16 04:51:23 AM,4.84,27.54,,,
1039,08/15/16 05:06:23 AM,4.91,27.50,,,
1040,08/15/16 05:21:23 AM,4.94,27.48,,,
1041,08/15/16 05:36:23 AM,4.85,27.44,,,
1042,08/15/16 05:51:23 AM,5.01,27.40,,,
1043,08/15/16 06:06:23 AM,4.91,27.36,,,
1044,08/15/16 06:21:23 AM,4.93,27.32,,,
1045,08/15/16 06:36:23 AM,4.88,27.30,,,
1046,08/15/16 06:51:23 AM,4.86,27.28,,,
1047,08/15/16 07:06:23 AM,4.92,27.26,,,
1048,08/15/16 07:21:23 AM,4.89,27.24,,,
1049,08/15/16 07:36:23 AM,4.93,27.24,,,
1050,08/15/16 07:51:23 AM,4.85,27.26,,,
1051,08/15/16 08:06:23 AM,4.90,27.30,,,
1052,08/15/16 08:21:23 AM,5.03,27.30,,,
1053,08/15/16 08:36:23 AM,4.95,27.32,,,
1054,08/15/16 08:51:23 AM,4.94,27.32,,,
1055,08/15/16 09:06:23 AM,5.00,27.34,,,
1056,08/15/16 09:21:23 AM,5.07,27.38,,,
1057,08/15/16 09:36:23 AM,5.17,27.44,,,
1058,08/15/16 09:51:23 AM,5.16,27.56,,,
1059,08/15/16 10:06:23 AM,5.31,27.70,,,
1060,08/15/16 10:21:23 AM,5.22,27.78,,,
1061,08/15/16 10:36:23 AM,5.35,27.86,,,
1062,08/15/16 10:51:23 AM,5.21,27.98,,,
1063,08/15/16 11:06:23 AM,5.21,28.12,,,
1064,08/15/16 11:21:23 AM,5.32,28.26,,,
1065,08/15/16 11:36:23 AM,5.44,28.42,,,
1066,08/15/16 11:51:23 AM,5.52,28.54,,,
1067,08/15/16 12:06:23 PM,5.62,28.66,,,
1068,08/15/16 12:21:23 PM,5.82,28.78,,,
1069,08/15/16 12:36:23 PM,6.02,28.92,,,
1070,08/15/16 12:51:23 PM,5.94,29.04,,,
1071,08/15/16 01:06:23 PM,6.09,29.22,,,
1072,08/15/16 01:21:23 PM,6.10,29.38,,,
1073,08/15/16 01:36:23 PM,6.32,29.52,,,
1074,08/15/16 01:51:23 PM,6.21,29.72,,,
1075,08/15/16 02:06:23 PM,6.35,29.86,,,
1076,08/15/16 02:21:23 PM,6.37,29.98,,,
1077,08/15/16 02:36:23 PM,6.33,30.06,,,
1078,08/15/16 02:51:23 PM,6.26,30.12,,,
1079,08/15/16 03:06:23 PM,6.30,30.16,,,
1080,08/15/16 03:21:23 PM,6.28,30.16,,,
1081,08/15/16 03:36:23 PM,6.28,30.16,,,
1082,08/15/16 03:51:23 PM,6.35,30.18,,,
1083,08/15/16 04:06:23 PM,6.33,30.18,,,
1084,08/15/16 04:21:23 PM,6.36,30.20,,,
1085,08/15/16 04:36:23 PM,6.37,30.22,,,
1086,08/15/16 04:51:23 PM,6.36,30.26,,,
1087,08/15/16 05:06:23 PM,6.33,30.28,,,
1088,08/15/16 05:21:23 PM,6.28,30.28,,,
1089,08/15/16 05:36:23 PM,6.33,30.30,,,
1090,08/15/16 05:51:23 PM,6.23,30.32,,,
1091,08/15/16 06:06:23 PM,6.21,30.32,,,
1092,08/15/16 06:21:23 PM,6.11,30.30,,,
1093,08/15/16 06:36:23 PM,6.02,30.28,,,
1094,08/15/16 06:51:23 PM,5.98,30.24,,,
1095,08/15/16 07:06:23 PM,5.88,30.18,,,
1096,08/15/16 07:21:23 PM,5.86,30.14,,,
1097,08/15/16 07:36:23 PM,5.85,30.06,,,
1098,08/15/16 07:51:23 PM,5.80,29.98,,,
1099,08/15/16 08:06:23 PM,5.74,29.90,,,
1100,08/15/16 08:21:23 PM,5.70,29.82,,,
1101,08/15/16 08:36:23 PM,5.67,29.74,,,
1102,08/15/16 08:51:23 PM,5.58,29.68,,,
1103,08/15/16 09:06:23 PM,5.53,29.60,,,
1104,08/15/16 09:21:23 PM,5.49,29.50,,,
1105,08/15/16 09:36:23 PM,5.36,29.38,,,
1106,08/15/16 09:51:23 PM,5.28,29.26,,,
1107,08/15/16 10:06:23 PM,5.16,29.16,,,
1108,08/15/16 10:21:23 PM,5.08,29.06,,,
1109,08/15/16 10:36:23 PM,5.09,28.96,,,
1110,08/15/16 10:51:23 PM,4.99,28.86,,,
1111,08/15/16 11:06:23 PM,4.92,28.78,,,
1112,08/15/16 11:21:23 PM,4.89,28.68,,,
1113,08/15/16 11:36:23 PM,4.83,28.60,,,
1114,08/15/16 11:51:23 PM,4.79,28.52,,,
1115,08/16/16 12:06:23 AM,4.77,28.44,,,
1116,08/16/16 12:21:23 AM,4.79,28.36,,,
1117,08/16/16 12:36:23 AM,4.68,28.30,,,
1118,08/16/16 12:51:23 AM,4.64,28.22,,,
1119,08/16/16 01:06:23 AM,4.60,28.16,,,
1120,08/16/16 01:21:23 AM,4.52,28.10,,,
1121,08/16/16 01:36:23 AM,4.67,28.04,,,
1122,08/16/16 01:51:23 AM,4.59,27.98,,,
1123,08/16/16 02:06:23 AM,4.57,27.92,,,
1124,08/16/16 02:21:23 AM,4.54,27.86,,,
1125,08/16/16 02:36:23 AM,4.48,27.80,,,
1126,08/16/16 02:51:23 AM,4.54,27.74,,,
1127,08/16/16 03:06:23 AM,4.50,27.68,,,
1128,08/16/16 03:21:23 AM,4.46,27.64,,,
1129,08/16/16 03:36:23 AM,4.47,27.58,,,
1130,08/16/16 03:51:23 AM,4.54,27.52,,,
1131,08/16/16 04:06:23 AM,4.47,27.48,,,
1132,08/16/16 04:21:23 AM,4.43,27.44,,,
1133,08/16/16 04:36:23 AM,4.41,27.40,,,
1134,08/16/16 04:51:23 AM,4.44,27.36,,,
1135,08/16/16 05:06:23 AM,4.47,27.32,,,
1136,08/16/16 05:21:23 AM,4.52,27.28,,,
1137,08/16/16 05:36:23 AM,4.49,27.26,,,
1138,08/16/16 05:51:23 AM,4.46,27.24,,,
1139,08/16/16 06:06:23 AM,4.52,27.22,,,
1140,08/16/16 06:21:23 AM,4.54,27.20,,,
1141,08/16/16 06:36:23 AM,4.54,27.18,,,
1142,08/16/16 06:51:23 AM,4.52,27.16,,,
1143,08/16/16 07:06:23 AM,4.53,27.16,,,
1144,08/16/16 07:21:23 AM,4.56,27.16,,,
1145,08/16/16 07:36:23 AM,4.53,27.16,,,
1146,08/16/16 07:51:23 AM,4.57,27.18,,,
1147,08/16/16 08:06:23 AM,4.74,27.22,,,
1148,08/16/16 08:21:23 AM,4.57,27.24,,,
1149,08/16/16 08:36:23 AM,4.52,27.26,,,
1150,08/16/16 08:51:23 AM,4.54,27.28,,,
1151,08/16/16 09:06:23 AM,4.59,27.30,,,
1152,08/16/16 09:21:23 AM,4.65,27.34,,,
1153,08/16/16 09:36:23 AM,4.70,27.44,,,
1154,08/16/16 09:51:23 AM,4.72,27.56,,,
1155,08/16/16 10:06:23 AM,4.77,27.70,,,
1156,08/16/16 10:21:23 AM,4.96,27.80,,,
1157,08/16/16 10:36:23 AM,5.02,27.90,,,
1158,08/16/16 10:51:23 AM,5.09,28.02,,,
1159,08/16/16 11:06:23 AM,5.11,28.14,,,
1160,08/16/16 11:21:23 AM,5.28,28.28,,,
1161,08/16/16 11:36:23 AM,5.35,28.40,,,
1162,08/16/16 11:51:23 AM,5.44,28.58,,,
1163,08/16/16 12:06:23 PM,5.63,28.74,,,
1164,08/16/16 12:21:23 PM,5.83,28.94,,,
1165,08/16/16 12:36:23 PM,5.87,29.16,,,
1166,08/16/16 12:51:23 PM,6.03,29.36,,,
1167,08/16/16 01:06:23 PM,6.01,29.54,,,
1168,08/16/16 01:21:23 PM,6.03,29.70,,,
1169,08/16/16 01:36:23 PM,5.96,29.82,,,
1170,08/16/16 01:51:23 PM,6.15,29.98,,,
1171,08/16/16 02:06:23 PM,5.98,30.08,,,
1172,08/16/16 02:21:23 PM,6.03,30.14,,,
1173,08/16/16 02:36:23 PM,5.98,30.12,,,
1174,08/16/16 02:51:23 PM,5.96,30.18,,,
1175,08/16/16 03:06:23 PM,5.97,30.20,,,
1176,08/16/16 03:21:23 PM,5.89,30.20,,,
1177,08/16/16 03:36:23 PM,5.91,30.22,,,
1178,08/16/16 03:51:23 PM,5.84,30.24,,,
1179,08/16/16 04:06:23 PM,5.83,30.26,,,
1180,08/16/16 04:21:23 PM,5.86,30.26,,,
1181,08/16/16 04:36:23 PM,5.85,30.28,,,
1182,08/16/16 04:51:23 PM,5.82,30.26,,,
1183,08/16/16 05:06:23 PM,5.75,30.24,,,
1184,08/16/16 05:21:23 PM,5.76,30.22,,,
1185,08/16/16 05:36:23 PM,5.68,30.18,,,
1186,08/16/16 05:51:23 PM,5.67,30.14,,,
1187,08/16/16 06:06:23 PM,5.65,30.08,,,
1188,08/16/16 06:21:23 PM,5.64,30.02,,,
1189,08/16/16 06:36:23 PM,5.61,29.98,,,
1190,08/16/16 06:51:23 PM,5.57,29.90,,,
1191,08/16/16 07:06:23 PM,5.53,29.84,,,
1192,08/16/16 07:21:23 PM,5.48,29.76,,,
1193,08/16/16 07:36:23 PM,5.47,29.68,,,
1194,08/16/16 07:51:23 PM,5.57,29.60,,,
1195,08/16/16 08:06:23 PM,5.46,29.52,,,
1196,08/16/16 08:21:23 PM,5.50,29.44,,,
1197,08/16/16 08:36:23 PM,5.45,29.34,,,
1198,08/16/16 08:51:23 PM,5.43,29.26,,,
1199,08/16/16 09:06:23 PM,5.32,29.16,,,
1200,08/16/16 09:21:23 PM,5.29,29.08,,,
1201,08/16/16 09:36:23 PM,5.26,29.00,,,
1202,08/16/16 09:51:23 PM,5.27,28.90,,,
1203,08/16/16 10:06:23 PM,5.09,28.82,,,
1204,08/16/16 10:21:23 PM,5.13,28.72,,,
1205,08/16/16 10:36:23 PM,5.07,28.66,,,
1206,08/16/16 10:51:23 PM,4.92,28.56,,,
1207,08/16/16 11:06:23 PM,4.82,28.48,,,
1208,08/16/16 11:21:23 PM,4.74,28.42,,,
1209,08/16/16 11:36:23 PM,4.82,28.36,,,
1210,08/16/16 11:51:23 PM,4.82,28.32,,,
1211,08/17/16 12:06:23 AM,4.74,28.26,,,
1212,08/17/16 12:21:23 AM,4.75,28.18,,,
1213,08/17/16 12:36:23 AM,4.77,28.12,,,
1214,08/17/16 12:51:23 AM,4.67,28.08,,,
1215,08/17/16 01:06:23 AM,4.67,28.02,,,
1216,08/17/16 01:21:23 AM,4.70,27.98,,,
1217,08/17/16 01:36:23 AM,4.70,27.90,,,
1218,08/17/16 01:51:23 AM,4.72,27.86,,,
1219,08/17/16 02:06:23 AM,4.61,27.82,,,
1220,08/17/16 02:21:23 AM,4.63,27.76,,,
1221,08/17/16 02:36:23 AM,4.61,27.72,,,
1222,08/17/16 02:51:23 AM,4.64,27.70,,,
1223,08/17/16 03:06:23 AM,4.70,27.66,,,
1224,08/17/16 03:21:23 AM,4.78,27.64,,,
1225,08/17/16 03:36:23 AM,4.66,27.60,,,
1226,08/17/16 03:51:23 AM,4.56,27.56,,,
1227,08/17/16 04:06:23 AM,4.64,27.54,,,
1228,08/17/16 04:21:23 AM,4.63,27.52,,,
1229,08/17/16 04:36:23 AM,4.67,27.48,,,
1230,08/17/16 04:51:23 AM,4.74,27.46,,,
1231,08/17/16 05:06:23 AM,4.72,27.44,,,
1232,08/17/16 05:21:23 AM,4.75,27.40,,,
1233,08/17/16 05:36:23 AM,4.72,27.38,,,
1234,08/17/16 05:51:23 AM,4.67,27.36,,,
1235,08/17/16 06:06:23 AM,4.68,27.32,,,
1236,08/17/16 06:21:23 AM,4.72,27.30,,,
1237,08/17/16 06:36:23 AM,4.74,27.28,,,
1238,08/17/16 06:51:23 AM,4.83,27.26,,,
1239,08/17/16 07:06:23 AM,4.73,27.24,,,
1240,08/17/16 07:21:23 AM,4.65,27.24,,,
1241,08/17/16 07:36:23 AM,4.65,27.24,,,
1242,08/17/16 07:51:23 AM,4.68,27.26,,,
1243,08/17/16 08:06:23 AM,4.56,27.28,,,
1244,08/17/16 08:21:23 AM,4.53,27.30,,,
1245,08/17/16 08:36:23 AM,4.57,27.30,,,
1246,08/17/16 08:51:23 AM,4.59,27.32,,,
1247,08/17/16 09:06:23 AM,4.61,27.34,,,
1248,08/17/16 09:21:23 AM,4.67,27.38,,,
1249,08/17/16 09:36:23 AM,4.80,27.44,,,
1250,08/17/16 09:51:23 AM,4.78,27.56,,,
1251,08/17/16 10:06:23 AM,5.00,27.70,,,
1252,08/17/16 10:21:23 AM,4.98,27.78,,,
1253,08/17/16 10:36:23 AM,5.09,27.86,,,
1254,08/17/16 10:51:23 AM,4.97,27.98,,,
1255,08/17/16 11:06:23 AM,5.20,28.12,,,
1256,08/17/16 11:21:23 AM,5.29,28.24,,,
1257,08/17/16 11:36:23 AM,5.43,28.40,,,
1258,08/17/16 11:51:23 AM,5.40,28.52,,,
1259,08/17/16 12:06:23 PM,5.48,28.66,,,
1260,08/17/16 12:21:23 PM,5.69,28.82,,,
1261,08/17/16 12:36:23 PM,5.79,29.04,,,
1262,08/17/16 12:51:23 PM,5.64,29.18,,,
1263,08/17/16 01:06:23 PM,5.84,29.32,,,
1264,08/17/16 01:21:23 PM,5.96,29.54,,,
1265,08/17/16 01:36:23 PM,5.87,29.70,,,
1266,08/17/16 01:51:23 PM,5.86,29.84,,,
1267,08/17/16 02:06:23 PM,6.09,29.96,,,
1268,08/17/16 02:21:23 PM,5.90,30.06,,,
1269,08/17/16 02:36:23 PM,5.82,30.16,,,
1270,08/17/16 02:51:23 PM,5.90,30.20,,,
1271,08/17/16 03:06:23 PM,5.87,30.26,,,
1272,08/17/16 03:21:23 PM,5.89,30.30,,,
1273,08/17/16 03:36:23 PM,5.91,30.32,,,
1274,08/17/16 03:51:23 PM,5.93,30.36,,,
1275,08/17/16 04:06:23 PM,5.93,30.38,,,
1276,08/17/16 04:21:23 PM,5.97,30.40,,,
1277,08/17/16 04:36:23 PM,6.02,30.40,,,
1278,08/17/16 04:51:23 PM,5.96,30.40,,,
1279,08/17/16 05:06:23 PM,5.98,30.40,,,
1280,08/17/16 05:21:23 PM,5.99,30.38,,,
1281,08/17/16 05:36:23 PM,5.92,30.36,,,
1282,08/17/16 05:51:23 PM,5.79,30.34,,,
1283,08/17/16 06:06:23 PM,5.75,30.30,,,
1284,08/17/16 06:21:23 PM,5.91,30.22,,,
1285,08/17/16 06:36:23 PM,5.79,30.18,,,
1286,08/17/16 06:51:23 PM,5.88,30.12,,,
1287,08/17/16 07:06:23 PM,5.85,30.06,,,
1288,08/17/16 07:21:23 PM,5.75,30.00,,,
1289,08/17/16 07:36:23 PM,5.83,29.92,,,
1290,08/17/16 07:51:23 PM,5.82,29.84,,,
1291,08/17/16 08:06:23 PM,5.76,29.76,,,
1292,08/17/16 08:21:23 PM,5.69,29.68,,,
1293,08/17/16 08:36:23 PM,5.68,29.62,,,
1294,08/17/16 08:51:23 PM,5.64,29.54,,,
1295,08/17/16 09:06:23 PM,5.57,29.44,,,
1296,08/17/16 09:21:23 PM,5.56,29.34,,,
1297,08/17/16 09:36:23 PM,5.49,29.24,,,
1298,08/17/16 09:51:23 PM,5.40,29.12,,,
1299,08/17/16 10:06:23 PM,5.32,29.02,,,
1300,08/17/16 10:21:23 PM,5.26,28.92,,,
1301,08/17/16 10:36:23 PM,5.19,28.80,,,
1302,08/17/16 10:51:23 PM,5.11,28.68,,,
1303,08/17/16 11:06:23 PM,5.02,28.58,,,
1304,08/17/16 11:21:23 PM,4.96,28.46,,,
1305,08/17/16 11:36:23 PM,4.92,28.36,,,
1306,08/17/16 11:51:23 PM,4.82,28.26,,,
1307,08/18/16 12:06:23 AM,4.81,28.16,,,
1308,08/18/16 12:21:23 AM,4.80,28.08,,,
1309,08/18/16 12:36:23 AM,4.77,28.00,,,
1310,08/18/16 12:51:23 AM,4.76,27.90,,,
1311,08/18/16 01:06:23 AM,4.71,27.82,,,
1312,08/18/16 01:21:23 AM,4.62,27.74,,,
1313,08/18/16 01:36:23 AM,4.60,27.68,,,
1314,08/18/16 01:51:23 AM,4.60,27.60,,,
1315,08/18/16 02:06:23 AM,4.60,27.54,,,
1316,08/18/16 02:21:23 AM,4.55,27.48,,,
1317,08/18/16 02:36:23 AM,4.56,27.42,,,
1318,08/18/16 02:51:23 AM,4.60,27.36,,,
1319,08/18/16 03:06:23 AM,4.58,27.30,,,
1320,08/18/16 03:21:23 AM,4.60,27.24,,,
1321,08/18/16 03:36:23 AM,4.54,27.20,,,
1322,08/18/16 03:51:23 AM,4.56,27.14,,,
1323,08/18/16 04:06:23 AM,4.65,27.10,,,
1324,08/18/16 04:21:23 AM,4.77,27.04,,,
1325,08/18/16 04:36:23 AM,4.72,27.00,,,
1326,08/18/16 04:51:23 AM,4.71,26.96,,,
1327,08/18/16 05:06:23 AM,4.71,26.92,,,
1328,08/18/16 05:21:23 AM,4.66,26.88,,,
1329,08/18/16 05:36:23 AM,4.57,26.84,,,
1330,08/18/16 05:51:23 AM,4.55,26.82,,,
1331,08/18/16 06:06:23 AM,4.49,26.78,,,
1332,08/18/16 06:21:23 AM,4.63,26.74,,,
1333,08/18/16 06:36:23 AM,4.63,26.72,,,
1334,08/18/16 06:51:23 AM,4.60,26.70,,,
1335,08/18/16 07:06:23 AM,4.57,26.68,,,
1336,08/18/16 07:21:23 AM,4.52,26.66,,,
1337,08/18/16 07:36:23 AM,4.58,26.66,,,
1338,08/18/16 07:51:23 AM,4.62,26.68,,,
1339,08/18/16 08:06:23 AM,4.60,26.68,,,
1340,08/18/16 08:21:23 AM,4.54,26.70,,,
1341,08/18/16 08:36:23 AM,4.55,26.72,,,
1342,08/18/16 08:51:23 AM,4.65,26.72,,,
1343,08/18/16 09:06:23 AM,4.75,26.74,,,
1344,08/18/16 09:21:23 AM,4.59,26.76,,,
1345,08/18/16 09:36:23 AM,4.75,26.84,,,
1346,08/18/16 09:51:23 AM,4.89,26.92,,,
1347,08/18/16 10:06:23 AM,5.00,27.04,,,
1348,08/18/16 10:21:23 AM,5.10,27.10,,,
1349,08/18/16 10:36:23 AM,5.03,27.14,,,
1350,08/18/16 10:51:23 AM,5.13,27.24,,,
1351,08/18/16 11:06:23 AM,5.14,27.34,,,
1352,08/18/16 11:21:23 AM,5.10,27.48,,,
1353,08/18/16 11:36:23 AM,5.50,27.66,,,
1354,08/18/16 11:51:23 AM,5.45,27.80,,,
1355,08/18/16 12:06:23 PM,5.27,27.92,,,
1356,08/18/16 12:21:23 PM,5.76,28.12,,,
1357,08/18/16 12:36:23 PM,5.73,28.24,,,
1358,08/18/16 12:51:23 PM,6.00,28.46,,,
1359,08/18/16 01:06:23 PM,6.11,28.64,,,
1360,08/18/16 01:21:23 PM,6.11,28.84,,,
1361,08/18/16 01:36:23 PM,6.29,28.96,,,
1362,08/18/16 01:51:23 PM,6.33,29.08,,,
1363,08/18/16 02:06:23 PM,6.19,29.22,,,
1364,08/18/16 02:21:23 PM,6.09,29.30,,,
1365,08/18/16 02:36:23 PM,6.07,29.40,,,
1366,08/18/16 02:51:23 PM,6.06,29.44,,,
1367,08/18/16 03:06:23 PM,6.12,29.48,,,
1368,08/18/16 03:21:23 PM,6.07,29.50,,,
1369,08/18/16 03:36:23 PM,6.18,29.50,,,
1370,08/18/16 03:51:23 PM,5.96,29.48,,,
1371,08/18/16 04:06:23 PM,5.91,29.48,,,
1372,08/18/16 04:21:23 PM,5.93,29.50,,,
1373,08/18/16 04:36:23 PM,5.99,29.50,,,
1374,08/18/16 04:51:23 PM,5.92,29.52,,,
1375,08/18/16 05:06:23 PM,5.91,29.54,,,
1376,08/18/16 05:21:23 PM,5.76,29.54,,,
1377,08/18/16 05:36:23 PM,5.86,29.54,,,
1378,08/18/16 05:51:23 PM,5.90,29.54,,,
1379,08/18/16 06:06:23 PM,5.93,29.54,,,
1380,08/18/16 06:21:23 PM,6.05,29.54,,,
1381,08/18/16 06:36:23 PM,5.97,29.54,,,
1382,08/18/16 06:51:23 PM,5.99,29.52,,,
1383,08/18/16 07:06:23 PM,5.91,29.50,,,
1384,08/18/16 07:21:23 PM,5.81,29.46,,,
1385,08/18/16 07:36:23 PM,5.88,29.42,,,
1386,08/18/16 07:51:23 PM,5.87,29.40,,,
1387,08/18/16 08:06:23 PM,5.88,29.36,,,
1388,08/18/16 08:21:23 PM,5.79,29.32,,,
1389,08/18/16 08:36:23 PM,5.75,29.26,,,
1390,08/18/16 08:51:23 PM,5.79,29.20,,,
1391,08/18/16 09:06:23 PM,5.73,29.14,,,
1392,08/18/16 09:21:23 PM,5.69,29.06,,,
1393,08/18/16 09:36:23 PM,5.65,28.98,,,
1394,08/18/16 09:51:23 PM,5.53,28.90,,,
1395,08/18/16 10:06:23 PM,5.50,28.80,,,
1396,08/18/16 10:21:23 PM,5.43,28.72,,,
1397,08/18/16 10:36:23 PM,5.19,28.62,,,
1398,08/18/16 10:51:23 PM,5.25,28.52,,,
1399,08/18/16 11:06:23 PM,5.25,28.42,,,
1400,08/18/16 11:21:23 PM,5.25,28.32,,,
1401,08/18/16 11:36:23 PM,5.03,28.22,,,
1402,08/18/16 11:51:23 PM,4.93,28.12,,,
1403,08/19/16 12:06:23 AM,4.94,28.06,,,
1404,08/19/16 12:21:23 AM,4.94,27.98,,,
1405,08/19/16 12:36:23 AM,4.84,27.88,,,
1406,08/19/16 12:51:23 AM,4.81,27.80,,,
1407,08/19/16 01:06:23 AM,4.71,27.74,,,
1408,08/19/16 01:21:23 AM,4.95,27.68,,,
1409,08/19/16 01:36:23 AM,4.78,27.62,,,
1410,08/19/16 01:51:23 AM,4.67,27.56,,,
1411,08/19/16 02:06:23 AM,4.73,27.52,,,
1412,08/19/16 02:21:23 AM,4.74,27.46,,,
1413,08/19/16 02:36:23 AM,4.68,27.42,,,
1414,08/19/16 02:51:23 AM,4.63,27.36,,,
1415,08/19/16 03:06:23 AM,4.74,27.32,,,
1416,08/19/16 03:21:23 AM,4.71,27.28,,,
1417,08/19/16 03:36:23 AM,4.68,27.24,,,
1418,08/19/16 03:51:23 AM,4.67,27.20,,,
1419,08/19/16 04:06:23 AM,4.62,27.16,,,
1420,08/19/16 04:21:23 AM,4.65,27.14,,,
1421,08/19/16 04:36:23 AM,4.52,27.10,,,
1422,08/19/16 04:51:23 AM,4.54,27.06,,,
1423,08/19/16 05:06:23 AM,4.53,27.02,,,
1424,08/19/16 05:21:23 AM,4.47,26.98,,,
1425,08/19/16 05:36:23 AM,4.47,26.96,,,
1426,08/19/16 05:51:23 AM,4.50,26.94,,,
1427,08/19/16 06:06:23 AM,4.53,26.90,,,
1428,08/19/16 06:21:23 AM,4.44,26.88,,,
1429,08/19/16 06:36:23 AM,4.61,26.84,,,
1430,08/19/16 06:51:23 AM,4.59,26.82,,,
1431,08/19/16 07:06:23 AM,4.40,26.80,,,
1432,08/19/16 07:21:23 AM,4.32,26.78,,,
1433,08/19/16 07:36:23 AM,4.35,26.76,,,
1434,08/19/16 07:51:23 AM,4.46,26.76,,,
1435,08/19/16 08:06:23 AM,4.49,26.76,,,
1436,08/19/16 08:21:23 AM,4.34,26.74,,,
1437,08/19/16 08:36:23 AM,4.55,26.74,,,
1438,08/19/16 08:51:23 AM,4.45,26.76,,,
1439,08/19/16 09:06:23 AM,4.38,26.76,,,
1440,08/19/16 09:21:23 AM,4.40,26.78,,,
1441,08/19/16 09:36:23 AM,4.37,26.82,,,
1442,08/19/16 09:51:23 AM,4.40,26.84,,,
1443,08/19/16 10:06:23 AM,4.59,26.88,,,
1444,08/19/16 10:21:23 AM,4.72,26.92,,,
1445,08/19/16 10:36:23 AM,4.49,26.98,,,
1446,08/19/16 10:51:23 AM,4.66,27.06,,,
1447,08/19/16 11:06:23 AM,4.75,27.14,,,
1448,08/19/16 11:21:23 AM,4.76,27.22,,,
1449,08/19/16 11:36:23 AM,4.78,27.28,,,
1450,08/19/16 11:51:23 AM,4.84,27.34,,,
1451,08/19/16 12:06:23 PM,4.78,27.40,,,
1452,08/19/16 12:21:23 PM,4.81,27.44,,,
1453,08/19/16 12:36:23 PM,5.03,27.44,,,
1454,08/19/16 12:51:23 PM,5.15,27.48,,,
1455,08/19/16 01:06:23 PM,5.26,27.48,,,
1456,08/19/16 01:21:23 PM,5.38,27.54,,,
1457,08/19/16 01:36:23 PM,5.54,27.62,,,
1458,08/19/16 01:51:23 PM,5.74,27.72,,,
1459,08/19/16 02:06:23 PM,5.89,27.84,,,
1460,08/19/16 02:21:23 PM,5.96,27.98,,,
1461,08/19/16 02:36:23 PM,6.03,28.10,,,
1462,08/19/16 02:51:23 PM,6.06,28.18,,,
1463,08/19/16 03:06:23 PM,6.07,28.26,,,
1464,08/19/16 03:21:23 PM,6.17,28.28,,,
1465,08/19/16 03:36:23 PM,6.14,28.28,,,
1466,08/19/16 03:51:23 PM,6.14,28.26,,,
1467,08/19/16 04:06:23 PM,6.06,28.26,,,
1468,08/19/16 04:21:23 PM,6.01,28.24,,,
1469,08/19/16 04:36:23 PM,5.88,28.24,,,
1470,08/19/16 04:51:23 PM,5.72,28.24,,,
1471,08/19/16 05:06:23 PM,5.64,28.22,,,
1472,08/19/16 05:21:23 PM,5.50,28.22,,,
1473,08/19/16 05:36:23 PM,5.56,28.20,,,
1474,08/19/16 05:51:23 PM,5.50,28.18,,,
1475,08/19/16 06:06:23 PM,5.52,28.16,,,
1476,08/19/16 06:21:23 PM,5.48,28.12,,,
1477,08/19/16 06:36:23 PM,5.76,28.08,,,
1478,08/19/16 06:51:23 PM,5.64,28.06,,,
1479,08/19/16 07:06:23 PM,5.55,28.02,,,
1480,08/19/16 07:21:23 PM,5.55,27.98,,,
1481,08/19/16 07:36:23 PM,5.66,27.94,,,
1482,08/19/16 07:51:23 PM,5.63,27.90,,,
1483,08/19/16 08:06:23 PM,5.62,27.88,,,
1484,08/19/16 08:21:23 PM,5.60,27.86,,,
1485,08/19/16 08:36:23 PM,5.53,27.82,,,
1486,08/19/16 08:51:23 PM,5.49,27.80,,,
1487,08/19/16 09:06:23 PM,5.43,27.76,,,
1488,08/19/16 09:21:23 PM,5.39,27.72,,,
1489,08/19/16 09:36:23 PM,5.26,27.68,,,
1490,08/19/16 09:51:23 PM,5.13,27.64,,,
1491,08/19/16 10:06:23 PM,5.25,27.60,,,
1492,08/19/16 10:21:23 PM,5.12,27.58,,,
1493,08/19/16 10:36:23 PM,5.03,27.54,,,
1494,08/19/16 10:51:23 PM,4.97,27.50,,,
1495,08/19/16 11:06:23 PM,4.86,27.46,,,
1496,08/19/16 11:21:23 PM,4.83,27.42,,,
1497,08/19/16 11:36:23 PM,4.77,27.36,,,
1498,08/19/16 11:51:23 PM,4.77,27.34,,,
1499,08/20/16 12:06:23 AM,4.75,27.28,,,
1500,08/20/16 12:21:23 AM,4.71,27.24,,,
1501,08/20/16 12:36:23 AM,4.68,27.20,,,
1502,08/20/16 12:51:23 AM,4.65,27.18,,,
1503,08/20/16 01:06:23 AM,4.58,27.14,,,
1504,08/20/16 01:21:23 AM,4.53,27.10,,,
1505,08/20/16 01:36:23 AM,4.57,27.06,,,
1506,08/20/16 01:51:23 AM,4.50,27.02,,,
1507,08/20/16 02:06:23 AM,4.56,26.98,,,
1508,08/20/16 02:21:23 AM,4.45,26.94,,,
1509,08/20/16 02:36:23 AM,4.43,26.92,,,
1510,08/20/16 02:51:23 AM,4.46,26.88,,,
1511,08/20/16 03:06:23 AM,4.45,26.84,,,
1512,08/20/16 03:21:23 AM,4.41,26.82,,,
1513,08/20/16 03:36:23 AM,4.35,26.78,,,
1514,08/20/16 03:51:23 AM,4.38,26.74,,,
1515,08/20/16 04:06:23 AM,4.38,26.72,,,
1516,08/20/16 04:21:23 AM,4.36,26.68,,,
1517,08/20/16 04:36:23 AM,4.34,26.66,,,
1518,08/20/16 04:51:23 AM,4.25,26.62,,,
1519,08/20/16 05:06:23 AM,4.34,26.58,,,
1520,08/20/16 05:21:23 AM,4.29,26.56,,,
1521,08/20/16 05:36:23 AM,4.21,26.52,,,
1522,08/20/16 05:51:23 AM,4.24,26.48,,,
1523,08/20/16 06:06:23 AM,4.26,26.46,,,
1524,08/20/16 06:21:23 AM,4.22,26.42,,,
1525,08/20/16 06:36:23 AM,4.26,26.38,,,
1526,08/20/16 06:51:23 AM,4.11,26.36,,,
1527,08/20/16 07:06:23 AM,4.24,26.34,,,
1528,08/20/16 07:21:23 AM,4.20,26.30,,,
1529,08/20/16 07:36:23 AM,4.16,26.30,,,
1530,08/20/16 07:51:23 AM,3.93,26.30,,,
1531,08/20/16 08:06:23 AM,3.91,26.32,,,
1532,08/20/16 08:21:23 AM,3.94,26.32,,,
1533,08/20/16 08:36:23 AM,4.06,26.34,,,
1534,08/20/16 08:51:23 AM,4.24,26.34,,,
1535,08/20/16 09:06:23 AM,4.10,26.36,,,
1536,08/20/16 09:21:23 AM,4.18,26.38,,,
1537,08/20/16 09:36:23 AM,4.23,26.40,,,
1538,08/20/16 09:51:23 AM,4.17,26.42,,,
1539,08/20/16 10:06:23 AM,4.53,26.52,,,
1540,08/20/16 10:21:23 AM,4.28,26.56,,,
1541,08/20/16 10:36:23 AM,4.30,26.62,,,
1542,08/20/16 10:51:23 AM,4.39,26.70,,,
1543,08/20/16 11:06:23 AM,4.39,26.78,,,
1544,08/20/16 11:21:23 AM,4.35,26.84,,,
1545,08/20/16 11:36:23 AM,4.42,26.90,,,
1546,08/20/16 11:51:23 AM,4.95,27.04,,,
1547,08/20/16 12:06:23 PM,4.67,27.12,,,
1548,08/20/16 12:21:23 PM,4.62,27.18,,,
1549,08/20/16 12:36:23 PM,5.01,27.28,,,
1550,08/20/16 12:51:23 PM,5.01,27.36,,,
1551,08/20/16 01:06:23 PM,5.07,27.44,,,
1552,08/20/16 01:21:23 PM,5.19,27.52,,,
1553,08/20/16 01:36:23 PM,5.24,27.64,,,
1554,08/20/16 01:51:23 PM,5.15,27.82,,,
1555,08/20/16 02:06:23 PM,5.13,27.88,,,
1556,08/20/16 02:21:23 PM,5.06,27.94,,,
1557,08/20/16 02:36:23 PM,5.20,28.10,,,
1558,08/20/16 02:51:23 PM,5.36,28.22,,,
1559,08/20/16 03:06:23 PM,5.78,28.32,,,
1560,08/20/16 03:21:23 PM,5.84,28.32,,,
1561,08/20/16 03:36:23 PM,5.68,28.36,,,
1562,08/20/16 03:51:23 PM,5.69,28.40,,,
1563,08/20/16 04:06:23 PM,5.81,28.44,,,
1564,08/20/16 04:21:23 PM,5.99,28.48,,,
1565,08/20/16 04:36:23 PM,6.03,28.52,,,
1566,08/20/16 04:51:23 PM,5.88,28.54,,,
1567,08/20/16 05:06:23 PM,6.11,28.58,,,
1568,08/20/16 05:21:23 PM,6.08,28.60,,,
1569,08/20/16 05:36:23 PM,6.00,28.64,,,
1570,08/20/16 05:51:23 PM,6.00,28.66,,,
1571,08/20/16 06:06:23 PM,5.93,28.66,,,
1572,08/20/16 06:21:23 PM,6.00,28.68,,,
1573,08/20/16 06:36:23 PM,5.91,28.68,,,
1574,08/20/16 06:51:23 PM,5.80,28.70,,,
1575,08/20/16 07:06:23 PM,5.91,28.70,,,
1576,08/20/16 07:21:23 PM,6.07,28.70,,,
1577,08/20/16 07:36:23 PM,6.06,28.70,,,
1578,08/20/16 07:51:23 PM,5.99,28.68,,,
1579,08/20/16 08:06:23 PM,5.93,28.68,,,
1580,08/20/16 08:21:23 PM,5.93,28.66,,,
1581,08/20/16 08:36:23 PM,5.90,28.64,,,
1582,08/20/16 08:51:23 PM,5.76,28.60,,,
1583,08/20/16 09:06:23 PM,5.85,28.56,,,
1584,08/20/16 09:21:23 PM,5.79,28.50,,,
1585,08/20/16 09:36:23 PM,5.81,28.44,,,
1586,08/20/16 09:51:23 PM,5.80,28.38,,,
1587,08/20/16 10:06:23 PM,5.70,28.32,,,
1588,08/20/16 10:21:23 PM,5.62,28.24,,,
1589,08/20/16 10:36:23 PM,5.51,28.14,,,
1590,08/20/16 10:51:23 PM,5.39,28.06,,,
1591,08/20/16 11:06:23 PM,5.29,27.96,,,
1592,08/20/16 11:21:23 PM,5.19,27.88,,,
1593,08/20/16 11:36:23 PM,5.11,27.78,,,
1594,08/20/16 11:51:23 PM,5.12,27.70,,,
1595,08/21/16 12:06:23 AM,4.93,27.62,,,
1596,08/21/16 12:21:23 AM,4.84,27.54,,,
1597,08/21/16 12:36:23 AM,4.79,27.48,,,
1598,08/21/16 12:51:23 AM,4.72,27.42,,,
1599,08/21/16 01:06:23 AM,4.74,27.36,,,
1600,08/21/16 01:21:23 AM,4.73,27.30,,,
1601,08/21/16 01:36:23 AM,4.73,27.24,,,
1602,08/21/16 01:51:23 AM,4.64,27.18,,,
1603,08/21/16 02:06:23 AM,4.74,27.14,,,
1604,08/21/16 02:21:23 AM,4.63,27.08,,,
1605,08/21/16 02:36:23 AM,4.64,27.04,,,
1606,08/21/16 02:51:23 AM,4.59,27.00,,,
1607,08/21/16 03:06:23 AM,4.57,26.94,,,
1608,08/21/16 03:21:23 AM,4.56,26.90,,,
1609,08/21/16 03:36:23 AM,4.58,26.86,,,
1610,08/21/16 03:51:23 AM,4.47,26.82,,,
1611,08/21/16 04:06:23 AM,4.47,26.78,,,
1612,08/21/16 04:21:23 AM,4.44,26.74,,,
1613,08/21/16 04:36:23 AM,4.43,26.70,,,
1614,08/21/16 04:51:23 AM,4.44,26.66,,,
1615,08/21/16 05:06:23 AM,4.47,26.60,,,
1616,08/21/16 05:21:23 AM,4.44,26.58,,,
1617,08/21/16 05:36:23 AM,4.43,26.54,,,
1618,08/21/16 05:51:23 AM,4.39,26.50,,,
1619,08/21/16 06:06:23 AM,4.36,26.46,,,
1620,08/21/16 06:21:23 AM,4.40,26.44,,,
1621,08/21/16 06:36:23 AM,4.32,26.38,,,
1622,08/21/16 06:51:23 AM,4.42,26.36,,,
1623,08/21/16 07:06:23 AM,4.37,26.34,,,
1624,08/21/16 07:21:23 AM,4.50,26.32,,,
1625,08/21/16 07:36:23 AM,4.42,26.32,,,
1626,08/21/16 07:51:23 AM,4.54,26.34,,,
1627,08/21/16 08:06:23 AM,4.45,26.36,,,
1628,08/21/16 08:21:23 AM,4.32,26.38,,,
1629,08/21/16 08:36:23 AM,4.19,26.38,,,
1630,08/21/16 08:51:23 AM,4.18,26.40,,,
1631,08/21/16 09:06:23 AM,4.11,26.42,,,
1632,08/21/16 09:21:23 AM,4.20,26.44,,,
1633,08/21/16 09:36:23 AM,4.41,26.46,,,
1634,08/21/16 09:51:23 AM,4.32,26.52,,,
1635,08/21/16 10:06:23 AM,4.45,26.62,,,
1636,08/21/16 10:21:23 AM,4.82,26.70,,,
1637,08/21/16 10:36:23 AM,4.65,26.80,,,
1638,08/21/16 10:51:23 AM,4.66,26.92,,,
1639,08/21/16 11:06:23 AM,4.61,27.02,,,
1640,08/21/16 11:21:23 AM,4.73,27.12,,,
1641,08/21/16 11:36:23 AM,4.70,27.22,,,
1642,08/21/16 11:51:23 AM,5.09,27.36,,,
1643,08/21/16 12:06:23 PM,5.09,27.50,,,
1644,08/21/16 12:21:23 PM,5.08,27.60,,,
1645,08/21/16 12:36:23 PM,5.54,27.78,,,
1646,08/21/16 12:51:23 PM,5.42,27.88,,,
1647,08/21/16 01:06:23 PM,5.73,28.04,,,
1648,08/21/16 01:21:23 PM,5.97,28.22,,,
1649,08/21/16 01:36:23 PM,5.64,28.36,,,
1650,08/21/16 01:51:23 PM,5.39,28.44,,,
1651,08/21/16 02:06:23 PM,5.56,28.58,,,
1652,08/21/16 02:21:23 PM,5.84,28.72,,,
1653,08/21/16 02:36:23 PM,6.00,28.80,,,
1654,08/21/16 02:51:23 PM,5.90,28.86,,,
1655,08/21/16 03:06:23 PM,5.86,28.94,,,
1656,08/21/16 03:21:23 PM,5.85,29.00,,,
1657,08/21/16 03:36:23 PM,5.96,29.02,,,
1658,08/21/16 03:51:23 PM,5.97,29.04,,,
1659,08/21/16 04:06:23 PM,5.87,29.06,,,
1660,08/21/16 04:21:23 PM,6.05,29.08,,,
1661,08/21/16 04:36:23 PM,6.06,29.10,,,
1662,08/21/16 04:51:23 PM,6.29,29.12,,,
1663,08/21/16 05:06:23 PM,6.36,29.12,,,
1664,08/21/16 05:21:23 PM,6.24,29.08,,,
1665,08/21/16 05:36:23 PM,6.26,29.02,,,
1666,08/21/16 05:51:23 PM,6.21,29.00,,,
1667,08/21/16 06:06:23 PM,6.19,28.96,,,
1668,08/21/16 06:21:23 PM,6.14,28.92,,,
1669,08/21/16 06:36:23 PM,6.08,28.88,,,
1670,08/21/16 06:51:23 PM,6.01,28.84,,,
1671,08/21/16 07:06:23 PM,6.00,28.82,,,
1672,08/21/16 07:21:23 PM,5.99,28.76,,,
1673,08/21/16 07:36:23 PM,5.88,28.72,,,
1674,08/21/16 07:51:23 PM,5.86,28.68,,,
1675,08/21/16 08:06:23 PM,5.85,28.62,,,
1676,08/21/16 08:21:23 PM,5.75,28.56,,,
1677,08/21/16 08:36:23 PM,5.78,28.50,,,
1678,08/21/16 08:51:23 PM,5.74,28.42,,,
1679,08/21/16 09:06:23 PM,5.64,28.34,,,
1680,08/21/16 09:21:23 PM,5.72,28.24,,,
1681,08/21/16 09:36:23 PM,5.54,28.14,,,
1682,08/21/16 09:51:23 PM,5.40,28.04,,,
1683,08/21/16 10:06:23 PM,5.37,27.92,,,
1684,08/21/16 10:21:23 PM,5.24,27.82,,,
1685,08/21/16 10:36:23 PM,5.21,27.70,,,
1686,08/21/16 10:51:23 PM,5.10,27.58,,,
1687,08/21/16 11:06:23 PM,5.02,27.48,,,
1688,08/21/16 11:21:23 PM,4.98,27.36,,,
1689,08/21/16 11:36:23 PM,4.92,27.26,,,
1690,08/21/16 11:51:23 PM,4.89,27.18,,,
1691,08/22/16 12:06:23 AM,4.80,27.08,,,
1692,08/22/16 12:21:23 AM,4.77,27.02,,,
1693,08/22/16 12:36:23 AM,4.74,26.92,,,
1694,08/22/16 12:51:23 AM,4.65,26.84,,,
1695,08/22/16 01:06:23 AM,4.55,26.76,,,
1696,08/22/16 01:21:23 AM,4.56,26.68,,,
1697,08/22/16 01:36:23 AM,4.54,26.62,,,
1698,08/22/16 01:51:23 AM,4.56,26.56,,,
1699,08/22/16 02:06:23 AM,4.61,26.48,,,
1700,08/22/16 02:21:23 AM,4.63,26.42,,,
1701,08/22/16 02:36:23 AM,4.59,26.34,,,
1702,08/22/16 02:51:23 AM,4.58,26.26,,,
1703,08/22/16 03:06:23 AM,4.54,26.18,,,
1704,08/22/16 03:21:23 AM,4.55,26.12,,,
1705,08/22/16 03:36:23 AM,4.54,26.06,,,
1706,08/22/16 03:51:23 AM,4.55,25.98,,,
1707,08/22/16 04:06:23 AM,4.56,25.92,,,
1708,08/22/16 04:21:23 AM,4.55,25.86,,,
1709,08/22/16 04:36:23 AM,4.56,25.78,,,
1710,08/22/16 04:51:23 AM,4.55,25.72,,,
1711,08/22/16 05:06:23 AM,4.57,25.64,,,
1712,08/22/16 05:21:23 AM,4.56,25.56,,,
1713,08/22/16 05:36:23 AM,4.61,25.52,,,
1714,08/22/16 05:51:23 AM,4.57,25.44,,,
1715,08/22/16 06:06:23 AM,4.60,25.38,,,
1716,08/22/16 06:21:23 AM,4.67,25.30,,,
1717,08/22/16 06:36:23 AM,4.71,25.26,,,
1718,08/22/16 06:51:23 AM,4.67,25.20,,,
1719,08/22/16 07:06:23 AM,4.70,25.14,,,
1720,08/22/16 07:21:23 AM,4.73,25.08,,,
1721,08/22/16 07:36:23 AM,4.65,25.06,,,
1722,08/22/16 07:51:23 AM,4.62,25.06,,,
1723,08/22/16 08:06:23 AM,4.74,25.06,,,
1724,08/22/16 08:21:23 AM,4.81,25.06,,,
1725,08/22/16 08:36:23 AM,4.73,25.02,,,
1726,08/22/16 08:51:23 AM,4.68,25.00,,,
1727,08/22/16 09:06:23 AM,4.66,24.96,,,
1728,08/22/16 09:21:23 AM,4.80,24.94,,,
1729,08/22/16 09:36:23 AM,4.76,24.94,,,
1730,08/22/16 09:51:23 AM,4.72,25.00,,,
1731,08/22/16 10:06:23 AM,4.76,25.08,,,
1732,08/22/16 10:21:23 AM,4.91,25.14,,,
1733,08/22/16 10:36:23 AM,5.02,25.20,,,
1734,08/22/16 10:51:23 AM,5.06,25.30,,,
1735,08/22/16 11:06:23 AM,5.06,25.40,,,
1736,08/22/16 11:21:23 AM,5.12,25.50,,,
1737,08/22/16 11:36:23 AM,5.19,25.64,,,
1738,08/22/16 11:51:23 AM,5.69,25.88,,,
1739,08/22/16 12:06:23 PM,5.50,25.96,,,
1740,08/22/16 12:21:23 PM,5.38,26.08,,,
1741,08/22/16 12:36:23 PM,5.43,26.26,,,
1742,08/22/16 12:51:23 PM,5.49,26.40,,,
1743,08/22/16 01:06:23 PM,5.56,26.58,,,
1744,08/22/16 01:21:23 PM,5.89,26.74,,,
1745,08/22/16 01:36:23 PM,5.96,26.90,,,
1746,08/22/16 01:51:23 PM,5.93,27.06,,,
1747,08/22/16 02:06:23 PM,6.11,27.22,,,
1748,08/22/16 02:21:23 PM,5.99,27.34,,,
1749,08/22/16 02:36:23 PM,6.16,27.44,,,
1750,08/22/16 02:51:23 PM,6.22,27.50,,,
1751,08/22/16 03:06:23 PM,6.34,27.52,,,
1752,08/22/16 03:21:23 PM,6.32,27.54,,,
1753,08/22/16 03:36:23 PM,6.48,27.52,,,
1754,08/22/16 03:51:23 PM,6.47,27.48,,,
1755,08/22/16 04:06:23 PM,6.54,27.46,,,
1756,08/22/16 04:21:23 PM,6.40,27.44,,,
1757,08/22/16 04:36:23 PM,6.34,27.42,,,
1758,08/22/16 04:51:23 PM,6.29,27.42,,,
1759,08/22/16 05:06:23 PM,6.39,27.40,,,
1760,08/22/16 05:21:23 PM,6.32,27.40,,,
1761,08/22/16 05:36:23 PM,6.29,27.40,,,
1762,08/22/16 05:51:23 PM,6.26,27.40,,,
1763,08/22/16 06:06:23 PM,6.20,27.38,,,
1764,08/22/16 06:21:23 PM,6.16,27.40,,,
1765,08/22/16 06:36:23 PM,6.21,27.36,,,
1766,08/22/16 06:51:23 PM,6.14,27.34,,,
1767,08/22/16 07:06:23 PM,6.14,27.32,,,
1768,08/22/16 07:21:23 PM,6.18,27.28,,,
1769,08/22/16 07:36:23 PM,6.15,27.24,,,
1770,08/22/16 07:51:23 PM,6.14,27.18,,,
1771,08/22/16 08:06:23 PM,6.06,27.14,,,
1772,08/22/16 08:21:23 PM,6.05,27.08,,,
1773,08/22/16 08:36:23 PM,6.08,27.02,,,
1774,08/22/16 08:51:23 PM,5.99,26.96,,,
1775,08/22/16 09:06:23 PM,5.82,26.88,,,
1776,08/22/16 09:21:23 PM,5.84,26.78,,,
1777,08/22/16 09:36:23 PM,5.85,26.66,,,
1778,08/22/16 09:51:23 PM,5.80,26.54,,,
1779,08/22/16 10:06:23 PM,5.67,26.44,,,
1780,08/22/16 10:21:23 PM,5.67,26.32,,,
1781,08/22/16 10:36:23 PM,5.62,26.18,,,
1782,08/22/16 10:51:23 PM,5.54,26.08,,,
1783,08/22/16 11:06:23 PM,5.52,25.98,,,
1784,08/22/16 11:21:23 PM,5.48,25.86,,,
1785,08/22/16 11:36:23 PM,5.36,25.74,,,
1786,08/22/16 11:51:23 PM,5.32,25.62,,,
1787,08/23/16 12:06:23 AM,5.25,25.50,,,
1788,08/23/16 12:21:23 AM,5.25,25.40,,,
1789,08/23/16 12:36:23 AM,5.21,25.30,,,
1790,08/23/16 12:51:23 AM,5.17,25.20,,,
1791,08/23/16 01:06:23 AM,5.17,25.10,,,
1792,08/23/16 01:21:23 AM,5.11,25.02,,,
1793,08/23/16 01:36:23 AM,5.17,24.94,,,
1794,08/23/16 01:51:23 AM,5.19,24.86,,,
1795,08/23/16 02:06:23 AM,5.17,24.78,,,
1796,08/23/16 02:21:23 AM,5.15,24.70,,,
1797,08/23/16 02:36:23 AM,5.14,24.60,,,
1798,08/23/16 02:51:23 AM,5.10,24.54,,,
1799,08/23/16 03:06:23 AM,5.09,24.46,,,
1800,08/23/16 03:21:23 AM,5.14,24.40,,,
1801,08/23/16 03:36:23 AM,5.06,24.30,,,
1802,08/23/16 03:51:23 AM,4.95,24.26,,,
1803,08/23/16 04:06:23 AM,4.97,24.18,,,
1804,08/23/16 04:21:23 AM,5.02,24.12,,,
1805,08/23/16 04:36:23 AM,4.94,24.06,,,
1806,08/23/16 04:51:23 AM,4.93,24.00,,,
1807,08/23/16 05:06:23 AM,4.91,23.94,,,
1808,08/23/16 05:21:23 AM,4.95,23.90,,,
1809,08/23/16 05:36:23 AM,5.06,23.86,,,
1810,08/23/16 05:51:23 AM,5.04,23.78,,,
1811,08/23/16 06:06:23 AM,5.08,23.72,,,
1812,08/23/16 06:21:23 AM,5.00,23.68,,,
1813,08/23/16 06:36:23 AM,5.08,23.62,,,
1814,08/23/16 06:51:23 AM,5.06,23.58,,,
1815,08/23/16 07:06:23 AM,5.02,23.54,,,
1816,08/23/16 07:21:23 AM,5.09,23.50,,,
1817,08/23/16 07:36:23 AM,5.07,23.50,,,
1818,08/23/16 07:51:23 AM,5.06,23.54,,,
1819,08/23/16 08:06:23 AM,5.07,23.58,,,
1820,08/23/16 08:21:23 AM,5.04,23.58,,,
1821,08/23/16 08:36:23 AM,5.06,23.58,,,
1822,08/23/16 08:51:23 AM,5.10,23.60,,,
1823,08/23/16 09:06:23 AM,5.12,23.60,,,
1824,08/23/16 09:21:23 AM,5.14,23.60,,,
1825,08/23/16 09:36:23 AM,5.08,23.64,,,
1826,08/23/16 09:51:23 AM,5.08,23.72,,,
1827,08/23/16 10:06:23 AM,5.35,23.84,,,
1828,08/23/16 10:21:23 AM,5.26,23.96,,,
1829,08/23/16 10:36:23 AM,5.35,24.08,,,
1830,08/23/16 10:51:23 AM,5.57,24.22,,,
1831,08/23/16 11:06:23 AM,5.50,24.36,,,
1832,08/23/16 11:21:23 AM,5.63,24.52,,,
1833,08/23/16 11:36:23 AM,5.51,24.64,,,
1834,08/23/16 11:51:23 AM,5.42,24.74,,,
1835,08/23/16 12:06:23 PM,5.82,24.94,,,
1836,08/23/16 12:21:23 PM,5.80,25.12,,,
1837,08/23/16 12:36:23 PM,5.92,25.26,,,
1838,08/23/16 12:51:23 PM,6.07,25.40,,,
1839,08/23/16 01:06:23 PM,6.32,25.56,,,
1840,08/23/16 01:21:23 PM,6.56,25.72,,,
1841,08/23/16 01:36:23 PM,6.56,25.88,,,
1842,08/23/16 01:51:23 PM,6.40,26.06,,,
1843,08/23/16 02:06:23 PM,6.45,26.26,,,
1844,08/23/16 02:21:23 PM,6.65,26.46,,,
1845,08/23/16 02:36:23 PM,6.60,26.50,,,
1846,08/23/16 02:51:23 PM,6.59,26.50,,,
1847,08/23/16 03:06:23 PM,6.69,26.58,,,
1848,08/23/16 03:21:23 PM,6.59,26.66,,,
1849,08/23/16 03:36:23 PM,6.89,26.68,,,
1850,08/23/16 03:51:23 PM,6.70,26.70,,,
1851,08/23/16 04:06:23 PM,6.54,26.72,,,
1852,08/23/16 04:21:23 PM,6.58,26.74,,,
1853,08/23/16 04:36:23 PM,6.47,26.74,,,
1854,08/23/16 04:51:23 PM,6.46,26.72,,,
1855,08/23/16 05:06:23 PM,6.38,26.72,,,
1856,08/23/16 05:21:23 PM,6.38,26.72,,,
1857,08/23/16 05:36:23 PM,6.44,26.72,,,
1858,08/23/16 05:51:23 PM,6.46,26.70,,,
1859,08/23/16 06:06:23 PM,6.45,26.70,,,
1860,08/23/16 06:21:23 PM,6.45,26.68,,,
1861,08/23/16 06:36:23 PM,6.53,26.66,,,
1862,08/23/16 06:51:23 PM,6.54,26.64,,,
1863,08/23/16 07:06:23 PM,6.51,26.60,,,
1864,08/23/16 07:21:23 PM,6.52,26.56,,,
1865,08/23/16 07:36:23 PM,6.39,26.48,,,
1866,08/23/16 07:51:23 PM,6.47,26.44,,,
1867,08/23/16 08:06:23 PM,6.39,26.34,,,
1868,08/23/16 08:21:23 PM,6.30,26.28,,,
1869,08/23/16 08:36:23 PM,6.18,26.20,,,
1870,08/23/16 08:51:23 PM,6.11,26.12,,,
1871,08/23/16 09:06:23 PM,6.09,26.04,,,
1872,08/23/16 09:21:23 PM,6.20,25.94,,,
1873,08/23/16 09:36:23 PM,6.03,25.86,,,
1874,08/23/16 09:51:23 PM,5.89,25.76,,,
1875,08/23/16 10:06:23 PM,5.84,25.68,,,
1876,08/23/16 10:21:23 PM,5.79,25.60,,,
1877,08/23/16 10:36:23 PM,5.67,25.52,,,
1878,08/23/16 10:51:23 PM,5.60,25.42,,,
1879,08/23/16 11:06:23 PM,5.53,25.34,,,
1880,08/23/16 11:21:23 PM,5.51,25.24,,,
1881,08/23/16 11:36:23 PM,5.49,25.16,,,
1882,08/23/16 11:51:23 PM,5.35,25.08,,,
1883,08/24/16 12:06:23 AM,5.32,24.98,,,
1884,08/24/16 12:21:23 AM,5.34,24.90,,,
1885,08/24/16 12:36:23 AM,5.25,24.82,,,
1886,08/24/16 12:51:23 AM,5.16,24.72,,,
1887,08/24/16 01:06:23 AM,5.12,24.66,,,
1888,08/24/16 01:21:23 AM,5.14,24.62,,,
1889,08/24/16 01:36:23 AM,5.17,24.54,,,
1890,08/24/16 01:51:23 AM,5.15,24.48,,,
1891,08/24/16 02:06:23 AM,5.30,24.40,,,
1892,08/24/16 02:21:23 AM,5.27,24.34,,,
1893,08/24/16 02:36:23 AM,5.26,24.28,,,
1894,08/24/16 02:51:23 AM,5.22,24.22,,,
1895,08/24/16 03:06:23 AM,5.30,24.16,,,
1896,08/24/16 03:21:23 AM,5.26,24.12,,,
1897,08/24/16 03:36:23 AM,5.29,24.06,,,
1898,08/24/16 03:51:23 AM,5.27,24.00,,,
1899,08/24/16 04:06:23 AM,5.30,23.96,,,
1900,08/24/16 04:21:23 AM,5.25,23.90,,,
1901,08/24/16 04:36:23 AM,5.26,23.84,,,
1902,08/24/16 04:51:23 AM,5.29,23.80,,,
1903,08/24/16 05:06:23 AM,5.25,23.72,,,
1904,08/24/16 05:21:23 AM,5.25,23.66,,,
1905,08/24/16 05:36:23 AM,5.19,23.62,,,
1906,08/24/16 05:51:23 AM,5.16,23.56,,,
1907,08/24/16 06:06:23 AM,5.17,23.52,,,
1908,08/24/16 06:21:23 AM,5.25,23.48,,,
1909,08/24/16 06:36:23 AM,5.21,23.42,,,
1910,08/24/16 06:51:23 AM,5.11,23.42,,,
1911,08/24/16 07:06:23 AM,5.18,23.40,,,
1912,08/24/16 07:21:23 AM,5.26,23.38,,,
1913,08/24/16 07:36:23 AM,5.27,23.38,,,
1914,08/24/16 07:51:23 AM,5.19,23.40,,,
1915,08/24/16 08:06:23 AM,5.14,23.44,,,
1916,08/24/16 08:21:23 AM,5.13,23.44,,,
1917,08/24/16 08:36:23 AM,5.08,23.44,,,
1918,08/24/16 08:51:23 AM,5.09,23.44,,,
1919,08/24/16 09:06:23 AM,5.31,23.46,,,
1920,08/24/16 09:21:23 AM,5.28,23.46,,,
1921,08/24/16 09:36:23 AM,5.11,23.48,,,
1922,08/24/16 09:51:23 AM,5.12,23.52,,,
1923,08/24/16 10:06:23 AM,5.16,23.60,,,
1924,08/24/16 10:21:23 AM,5.34,23.68,,,
1925,08/24/16 10:36:23 AM,5.35,23.76,,,
1926,08/24/16 10:51:23 AM,5.40,23.84,,,
1927,08/24/16 11:06:23 AM,5.47,23.92,,,
1928,08/24/16 11:21:23 AM,5.44,24.02,,,
1929,08/24/16 11:36:23 AM,5.49,24.08,,,
1930,08/24/16 11:51:23 AM,5.58,24.18,,,
1931,08/24/16 12:06:23 PM,5.73,24.32,,,
1932,08/24/16 12:21:23 PM,5.83,24.46,,,
1933,08/24/16 12:36:23 PM,5.94,24.66,,,
1934,08/24/16 12:51:23 PM,6.06,24.82,,,
1935,08/24/16 01:06:23 PM,6.16,25.02,,,
1936,08/24/16 01:21:23 PM,6.08,25.14,,,
1937,08/24/16 01:36:23 PM,6.07,25.28,,,
1938,08/24/16 01:51:23 PM,6.27,25.40,,,
1939,08/24/16 02:06:23 PM,6.55,25.48,,,
1940,08/24/16 02:21:23 PM,6.53,25.54,,,
1941,08/24/16 02:36:23 PM,6.61,25.60,,,
1942,08/24/16 02:51:23 PM,6.74,25.66,,,
1943,08/24/16 03:06:23 PM,6.91,25.72,,,
1944,08/24/16 03:21:23 PM,7.06,25.80,,,
1945,08/24/16 03:36:23 PM,7.07,25.88,,,
1946,08/24/16 03:51:23 PM,6.91,25.94,,,
1947,08/24/16 04:06:23 PM,7.12,25.98,,,
1948,08/24/16 04:21:23 PM,7.13,26.06,,,
1949,08/24/16 04:36:23 PM,7.17,26.08,,,
1950,08/24/16 04:51:23 PM,7.22,26.12,,,
1951,08/24/16 05:06:23 PM,7.26,26.18,,,
1952,08/24/16 05:21:23 PM,7.27,26.20,,,
1953,08/24/16 05:36:23 PM,7.26,26.24,,,
1954,08/24/16 05:51:23 PM,7.18,26.26,,,
1955,08/24/16 06:06:23 PM,7.18,26.28,,,
1956,08/24/16 06:21:23 PM,7.16,26.28,,,
1957,08/24/16 06:36:23 PM,7.17,26.28,,,
1958,08/24/16 06:51:23 PM,7.04,26.26,,,
1959,08/24/16 07:06:23 PM,6.90,26.24,,,
1960,08/24/16 07:21:23 PM,6.92,26.22,,,
1961,08/24/16 07:36:23 PM,6.83,26.18,,,
1962,08/24/16 07:51:23 PM,6.88,26.14,,,
1963,08/24/16 08:06:23 PM,6.86,26.10,,,
1964,08/24/16 08:21:23 PM,6.76,26.04,,,
1965,08/24/16 08:36:23 PM,6.68,26.00,,,
1966,08/24/16 08:51:23 PM,6.61,25.92,,,
1967,08/24/16 09:06:23 PM,6.58,25.86,,,
1968,08/24/16 09:21:23 PM,6.52,25.80,,,
1969,08/24/16 09:36:23 PM,6.41,25.74,,,
1970,08/24/16 09:51:23 PM,6.36,25.66,,,
1971,08/24/16 10:06:23 PM,6.29,25.58,,,
1972,08/24/16 10:21:23 PM,6.25,25.50,,,
1973,08/24/16 10:36:23 PM,6.19,25.42,,,
1974,08/24/16 10:51:23 PM,6.11,25.36,,,
1975,08/24/16 11:06:23 PM,6.02,25.28,,,
1976,08/24/16 11:21:23 PM,6.03,25.18,,,
1977,08/24/16 11:36:23 PM,5.92,25.10,,,
1978,08/24/16 11:51:23 PM,5.81,25.02,,,
1979,08/25/16 12:06:23 AM,5.73,24.92,,,
1980,08/25/16 12:21:23 AM,5.63,24.84,,,
1981,08/25/16 12:36:23 AM,5.62,24.78,,,
1982,08/25/16 12:51:23 AM,5.51,24.70,,,
1983,08/25/16 01:06:23 AM,5.45,24.62,,,
1984,08/25/16 01:21:23 AM,5.36,24.54,,,
1985,08/25/16 01:36:23 AM,5.37,24.48,,,
1986,08/25/16 01:51:23 AM,5.37,24.40,,,
1987,08/25/16 02:06:23 AM,5.30,24.34,,,
1988,08/25/16 02:21:23 AM,5.30,24.28,,,
1989,08/25/16 02:36:23 AM,5.28,24.22,,,
1990,08/25/16 02:51:23 AM,5.28,24.16,,,
1991,08/25/16 03:06:23 AM,5.26,24.10,,,
1992,08/25/16 03:21:23 AM,5.22,24.04,,,
1993,08/25/16 03:36:23 AM,5.14,23.98,,,
1994,08/25/16 03:51:23 AM,5.18,23.92,,,
1995,08/25/16 04:06:23 AM,5.12,23.86,,,
1996,08/25/16 04:21:23 AM,5.25,23.82,,,
1997,08/25/16 04:36:23 AM,5.21,23.78,,,
1998,08/25/16 04:51:23 AM,5.18,23.74,,,
1999,08/25/16 05:06:23 AM,5.15,23.70,,,
2000,08/25/16 05:21:23 AM,5.14,23.64,,,
2001,08/25/16 05:36:23 AM,5.15,23.60,,,
2002,08/25/16 05:51:23 AM,5.13,23.56,,,
2003,08/25/16 06:06:23 AM,5.19,23.50,,,
2004,08/25/16 06:21:23 AM,5.16,23.46,,,
2005,08/25/16 06:36:23 AM,5.15,23.42,,,
2006,08/25/16 06:51:23 AM,5.16,23.38,,,
2007,08/25/16 07:06:23 AM,5.13,23.36,,,
2008,08/25/16 07:21:23 AM,5.16,23.34,,,
2009,08/25/16 07:36:23 AM,5.15,23.36,,,
2010,08/25/16 07:51:23 AM,5.08,23.38,,,
2011,08/25/16 08:06:23 AM,5.07,23.40,,,
2012,08/25/16 08:21:23 AM,5.03,23.44,,,
2013,08/25/16 08:36:23 AM,5.04,23.46,,,
2014,08/25/16 08:51:23 AM,5.01,23.48,,,
2015,08/25/16 09:06:23 AM,4.97,23.48,,,
2016,08/25/16 09:21:23 AM,5.48,23.50,,,
2017,08/25/16 09:25:46 AM,,,Logged,,
2018,08/25/16 09:25:52 AM,,,,Logged,Logged
