"#","Date Time, GMT-05:00","Abs Pres, kPa (LGR S/N: 10906727, SEN S/N: 10906727)","Temp, °C (LGR S/N: 10906727, SEN S/N: 10906727)","Coupler Detached (LGR S/N: 10906727)","Coupler Attached (LGR S/N: 10906727)","Stopped (LGR S/N: 10906727)","End Of File (LGR S/N: 10906727)"
1,07/23/16 01:00:00 PM,102.736,29.252,Logged,,,
2,07/23/16 01:15:00 PM,102.739,29.053,,,,
3,07/23/16 01:30:00 PM,102.742,29.152,,,,
4,07/23/16 01:45:00 PM,102.726,29.252,,,,
5,07/23/16 02:00:00 PM,102.709,29.352,,,,
6,07/23/16 02:15:00 PM,102.709,29.352,,,,
7,07/23/16 02:30:00 PM,102.678,29.352,,,,
8,07/23/16 02:45:00 PM,102.682,29.452,,,,
9,07/23/16 03:00:00 PM,102.692,29.452,,,,
10,07/23/16 03:15:00 PM,102.682,29.452,,,,
11,07/23/16 03:30:00 PM,102.672,29.452,,,,
12,07/23/16 03:45:00 PM,102.672,29.452,,,,
13,07/23/16 04:00:00 PM,102.661,29.452,,,,
14,07/23/16 04:15:00 PM,102.672,29.452,,,,
15,07/23/16 04:30:00 PM,102.661,29.452,,,,
16,07/23/16 04:45:00 PM,102.651,29.452,,,,
17,07/23/16 05:00:00 PM,102.658,29.352,,,,
18,07/23/16 05:15:00 PM,102.647,29.352,,,,
19,07/23/16 05:30:00 PM,102.658,29.352,,,,
20,07/23/16 05:45:00 PM,102.647,29.352,,,,
21,07/23/16 06:00:00 PM,102.658,29.352,,,,
22,07/23/16 06:15:00 PM,102.668,29.352,,,,
23,07/23/16 06:30:00 PM,102.674,29.252,,,,
24,07/23/16 06:45:00 PM,102.674,29.252,,,,
25,07/23/16 07:00:00 PM,102.660,29.152,,,,
26,07/23/16 07:15:00 PM,102.656,29.053,,,,
27,07/23/16 07:30:00 PM,102.714,28.953,,,,
28,07/23/16 07:45:00 PM,102.745,28.953,,,,
29,07/23/16 08:00:00 PM,102.752,28.853,,,,
30,07/23/16 08:15:00 PM,102.789,28.754,,,,
31,07/23/16 08:30:00 PM,102.806,28.655,,,,
32,07/23/16 08:45:00 PM,102.833,28.555,,,,
33,07/23/16 09:00:00 PM,102.870,28.456,,,,
34,07/23/16 09:15:00 PM,102.887,28.357,,,,
35,07/23/16 09:30:00 PM,102.903,28.258,,,,
36,07/23/16 09:45:00 PM,102.903,28.258,,,,
37,07/23/16 10:00:00 PM,102.879,28.159,,,,
38,07/23/16 10:15:00 PM,102.858,28.159,,,,
39,07/23/16 10:30:00 PM,102.865,28.060,,,,
40,07/23/16 10:45:00 PM,102.875,28.060,,,,
41,07/23/16 11:00:00 PM,102.885,28.060,,,,
42,07/23/16 11:15:00 PM,102.902,27.961,,,,
43,07/23/16 11:30:00 PM,102.912,27.961,,,,
44,07/23/16 11:45:00 PM,102.902,27.961,,,,
45,07/24/16 12:00:00 AM,102.909,27.862,,,,
46,07/24/16 12:15:00 AM,102.909,27.862,,,,
47,07/24/16 12:30:00 AM,102.884,27.764,,,,
48,07/24/16 12:45:00 AM,102.874,27.764,,,,
49,07/24/16 01:00:00 AM,102.884,27.764,,,,
50,07/24/16 01:15:00 AM,102.860,27.665,,,,
51,07/24/16 01:30:00 AM,102.860,27.665,,,,
52,07/24/16 01:45:00 AM,102.850,27.665,,,,
53,07/24/16 02:00:00 AM,102.836,27.567,,,,
54,07/24/16 02:15:00 AM,102.815,27.567,,,,
55,07/24/16 02:30:00 AM,102.822,27.468,,,,
56,07/24/16 02:45:00 AM,102.822,27.468,,,,
57,07/24/16 03:00:00 AM,102.811,27.468,,,,
58,07/24/16 03:15:00 AM,102.766,27.370,,,,
59,07/24/16 03:30:00 AM,102.766,27.370,,,,
60,07/24/16 03:45:00 AM,102.783,27.272,,,,
61,07/24/16 04:00:00 AM,102.783,27.272,,,,
62,07/24/16 04:15:00 AM,102.810,27.173,,,,
63,07/24/16 04:30:00 AM,102.800,27.173,,,,
64,07/24/16 04:45:00 AM,102.790,27.173,,,,
65,07/24/16 05:00:00 AM,102.796,27.075,,,,
66,07/24/16 05:15:00 AM,102.817,27.075,,,,
67,07/24/16 05:30:00 AM,102.813,26.977,,,,
68,07/24/16 05:45:00 AM,102.793,26.977,,,,
69,07/24/16 06:00:00 AM,102.813,26.977,,,,
70,07/24/16 06:15:00 AM,102.799,26.879,,,,
71,07/24/16 06:30:00 AM,102.820,26.879,,,,
72,07/24/16 06:45:00 AM,102.820,26.879,,,,
73,07/24/16 07:00:00 AM,102.820,26.879,,,,
74,07/24/16 07:15:00 AM,102.826,26.781,,,,
75,07/24/16 07:30:00 AM,102.847,26.781,,,,
76,07/24/16 07:45:00 AM,102.847,26.781,,,,
77,07/24/16 08:00:00 AM,102.871,26.879,,,,
78,07/24/16 08:15:00 AM,102.871,26.879,,,,
79,07/24/16 08:30:00 AM,102.891,26.879,,,,
80,07/24/16 08:45:00 AM,102.895,26.977,,,,
81,07/24/16 09:00:00 AM,102.895,26.977,,,,
82,07/24/16 09:15:00 AM,102.920,27.075,,,,
83,07/24/16 09:30:00 AM,102.923,27.173,,,,
84,07/24/16 09:45:00 AM,102.937,27.272,,,,
85,07/24/16 10:00:00 AM,102.941,27.370,,,,
86,07/24/16 10:15:00 AM,102.959,27.567,,,,
87,07/24/16 10:30:00 AM,102.973,27.665,,,,
88,07/24/16 10:45:00 AM,102.960,27.862,,,,
89,07/24/16 11:00:00 AM,102.978,28.060,,,,
90,07/24/16 11:15:00 AM,102.992,28.159,,,,
91,07/24/16 11:30:00 AM,102.989,28.357,,,,
92,07/24/16 11:45:00 AM,102.997,28.555,,,,
93,07/24/16 12:00:00 PM,102.984,28.754,,,,
94,07/24/16 12:15:00 PM,102.981,28.953,,,,
95,07/24/16 12:30:00 PM,102.965,29.053,,,,
96,07/24/16 12:45:00 PM,102.952,29.252,,,,
97,07/24/16 01:00:00 PM,102.945,29.352,,,,
98,07/24/16 01:15:00 PM,102.933,29.552,,,,
99,07/24/16 01:30:00 PM,102.916,29.652,,,,
100,07/24/16 01:45:00 PM,102.903,29.853,,,,
101,07/24/16 02:00:00 PM,102.872,29.853,,,,
102,07/24/16 02:15:00 PM,102.876,29.953,,,,
103,07/24/16 02:30:00 PM,102.870,30.054,,,,
104,07/24/16 02:45:00 PM,102.859,30.054,,,,
105,07/24/16 03:00:00 PM,102.829,30.054,,,,
106,07/24/16 03:15:00 PM,102.832,30.154,,,,
107,07/24/16 03:30:00 PM,102.802,30.154,,,,
108,07/24/16 03:45:00 PM,102.802,30.154,,,,
109,07/24/16 04:00:00 PM,102.781,30.154,,,,
110,07/24/16 04:15:00 PM,102.781,30.154,,,,
111,07/24/16 04:30:00 PM,102.771,30.154,,,,
112,07/24/16 04:45:00 PM,102.771,30.154,,,,
113,07/24/16 05:00:00 PM,102.781,30.154,,,,
114,07/24/16 05:15:00 PM,102.771,30.154,,,,
115,07/24/16 05:30:00 PM,102.767,30.054,,,,
116,07/24/16 05:45:00 PM,102.767,30.054,,,,
117,07/24/16 06:00:00 PM,102.773,29.953,,,,
118,07/24/16 06:15:00 PM,102.773,29.953,,,,
119,07/24/16 06:30:00 PM,102.769,29.853,,,,
120,07/24/16 06:45:00 PM,102.796,29.752,,,,
121,07/24/16 07:00:00 PM,102.786,29.752,,,,
122,07/24/16 07:15:00 PM,102.792,29.652,,,,
123,07/24/16 07:30:00 PM,102.799,29.552,,,,
124,07/24/16 07:45:00 PM,102.805,29.452,,,,
125,07/24/16 08:00:00 PM,102.853,29.352,,,,
126,07/24/16 08:15:00 PM,102.859,29.252,,,,
127,07/24/16 08:30:00 PM,102.876,29.152,,,,
128,07/24/16 08:45:00 PM,102.893,29.053,,,,
129,07/24/16 09:00:00 PM,102.899,28.953,,,,
130,07/24/16 09:15:00 PM,102.885,28.853,,,,
131,07/24/16 09:30:00 PM,102.881,28.754,,,,
132,07/24/16 09:45:00 PM,102.898,28.655,,,,
133,07/24/16 10:00:00 PM,102.908,28.655,,,,
134,07/24/16 10:15:00 PM,102.904,28.555,,,,
135,07/24/16 10:30:00 PM,102.901,28.456,,,,
136,07/24/16 10:45:00 PM,102.870,28.456,,,,
137,07/24/16 11:00:00 PM,102.856,28.357,,,,
138,07/24/16 11:15:00 PM,102.835,28.357,,,,
139,07/24/16 11:30:00 PM,102.842,28.258,,,,
140,07/24/16 11:45:00 PM,102.842,28.258,,,,
141,07/25/16 12:00:00 AM,102.828,28.159,,,,
142,07/25/16 12:15:00 AM,102.807,28.159,,,,
143,07/25/16 12:30:00 AM,102.793,28.060,,,,
144,07/25/16 12:45:00 AM,102.783,28.060,,,,
145,07/25/16 01:00:00 AM,102.793,28.060,,,,
146,07/25/16 01:15:00 AM,102.783,28.060,,,,
147,07/25/16 01:30:00 AM,102.748,27.961,,,,
148,07/25/16 01:45:00 AM,102.758,27.961,,,,
149,07/25/16 02:00:00 AM,102.738,27.961,,,,
150,07/25/16 02:15:00 AM,102.744,27.862,,,,
151,07/25/16 02:30:00 AM,102.755,27.862,,,,
152,07/25/16 02:45:00 AM,102.765,27.862,,,,
153,07/25/16 03:00:00 AM,102.755,27.862,,,,
154,07/25/16 03:15:00 AM,102.771,27.764,,,,
155,07/25/16 03:30:00 AM,102.782,27.764,,,,
156,07/25/16 03:45:00 AM,102.792,27.764,,,,
157,07/25/16 04:00:00 AM,102.798,27.665,,,,
158,07/25/16 04:15:00 AM,102.809,27.665,,,,
159,07/25/16 04:30:00 AM,102.788,27.665,,,,
160,07/25/16 04:45:00 AM,102.805,27.567,,,,
161,07/25/16 05:00:00 AM,102.795,27.567,,,,
162,07/25/16 05:15:00 AM,102.825,27.567,,,,
163,07/25/16 05:30:00 AM,102.815,27.567,,,,
164,07/25/16 05:45:00 AM,102.811,27.468,,,,
165,07/25/16 06:00:00 AM,102.811,27.468,,,,
166,07/25/16 06:15:00 AM,102.832,27.468,,,,
167,07/25/16 06:30:00 AM,102.842,27.468,,,,
168,07/25/16 06:45:00 AM,102.849,27.370,,,,
169,07/25/16 07:00:00 AM,102.849,27.370,,,,
170,07/25/16 07:15:00 AM,102.838,27.370,,,,
171,07/25/16 07:30:00 AM,102.828,27.370,,,,
172,07/25/16 07:45:00 AM,102.838,27.370,,,,
173,07/25/16 08:00:00 AM,102.832,27.468,,,,
174,07/25/16 08:15:00 AM,102.832,27.468,,,,
175,07/25/16 08:30:00 AM,102.822,27.468,,,,
176,07/25/16 08:45:00 AM,102.825,27.567,,,,
177,07/25/16 09:00:00 AM,102.815,27.567,,,,
178,07/25/16 09:15:00 AM,102.809,27.665,,,,
179,07/25/16 09:30:00 AM,102.812,27.764,,,,
180,07/25/16 09:45:00 AM,102.826,27.862,,,,
181,07/25/16 10:00:00 AM,102.830,27.961,,,,
182,07/25/16 10:15:00 AM,102.834,28.060,,,,
183,07/25/16 10:30:00 AM,102.831,28.258,,,,
184,07/25/16 10:45:00 AM,102.835,28.357,,,,
185,07/25/16 11:00:00 AM,102.833,28.555,,,,
186,07/25/16 11:15:00 AM,102.836,28.655,,,,
187,07/25/16 11:30:00 AM,102.834,28.853,,,,
188,07/25/16 11:45:00 AM,102.800,29.053,,,,
189,07/25/16 12:00:00 PM,102.798,29.252,,,,
190,07/25/16 12:15:00 PM,102.795,29.452,,,,
191,07/25/16 12:30:00 PM,102.768,29.552,,,,
192,07/25/16 12:45:00 PM,102.766,29.752,,,,
193,07/25/16 01:00:00 PM,102.759,29.853,,,,
194,07/25/16 01:15:00 PM,102.746,30.054,,,,
195,07/25/16 01:30:00 PM,102.719,30.154,,,,
196,07/25/16 01:45:00 PM,102.707,30.356,,,,
197,07/25/16 02:00:00 PM,102.690,30.457,,,,
198,07/25/16 02:15:00 PM,102.663,30.558,,,,
199,07/25/16 02:30:00 PM,102.657,30.659,,,,
200,07/25/16 02:45:00 PM,102.619,30.760,,,,
201,07/25/16 03:00:00 PM,102.609,30.760,,,,
202,07/25/16 03:15:00 PM,102.599,30.760,,,,
203,07/25/16 03:30:00 PM,102.603,30.862,,,,
204,07/25/16 03:45:00 PM,102.582,30.862,,,,
205,07/25/16 04:00:00 PM,102.562,30.862,,,,
206,07/25/16 04:15:00 PM,102.562,30.862,,,,
207,07/25/16 04:30:00 PM,102.592,30.862,,,,
208,07/25/16 04:45:00 PM,102.582,30.862,,,,
209,07/25/16 05:00:00 PM,102.603,30.862,,,,
210,07/25/16 05:15:00 PM,102.609,30.760,,,,
211,07/25/16 05:30:00 PM,102.599,30.760,,,,
212,07/25/16 05:45:00 PM,102.595,30.659,,,,
213,07/25/16 06:00:00 PM,102.595,30.659,,,,
214,07/25/16 06:15:00 PM,102.591,30.558,,,,
215,07/25/16 06:30:00 PM,102.597,30.457,,,,
216,07/25/16 06:45:00 PM,102.593,30.356,,,,
217,07/25/16 07:00:00 PM,102.610,30.255,,,,
218,07/25/16 07:15:00 PM,102.606,30.154,,,,
219,07/25/16 07:30:00 PM,102.623,30.054,,,,
220,07/25/16 07:45:00 PM,102.629,29.953,,,,
221,07/25/16 08:00:00 PM,102.626,29.853,,,,
222,07/25/16 08:15:00 PM,102.622,29.752,,,,
223,07/25/16 08:30:00 PM,102.638,29.652,,,,
224,07/25/16 08:45:00 PM,102.614,29.552,,,,
225,07/25/16 09:00:00 PM,102.600,29.452,,,,
226,07/25/16 09:15:00 PM,102.596,29.352,,,,
227,07/25/16 09:30:00 PM,102.602,29.252,,,,
228,07/25/16 09:45:00 PM,102.592,29.252,,,,
229,07/25/16 10:00:00 PM,102.609,29.152,,,,
230,07/25/16 10:15:00 PM,102.595,29.053,,,,
231,07/25/16 10:30:00 PM,102.601,28.953,,,,
232,07/25/16 10:45:00 PM,102.601,28.953,,,,
233,07/25/16 11:00:00 PM,102.577,28.853,,,,
234,07/25/16 11:15:00 PM,102.583,28.754,,,,
235,07/25/16 11:30:00 PM,102.583,28.754,,,,
236,07/25/16 11:45:00 PM,102.559,28.655,,,,
237,07/26/16 12:00:00 AM,102.559,28.655,,,,
238,07/26/16 12:15:00 AM,102.555,28.555,,,,
239,07/26/16 12:30:00 AM,102.555,28.555,,,,
240,07/26/16 12:45:00 AM,102.545,28.555,,,,
241,07/26/16 01:00:00 AM,102.521,28.456,,,,
242,07/26/16 01:15:00 AM,102.521,28.456,,,,
243,07/26/16 01:30:00 AM,102.496,28.357,,,,
244,07/26/16 01:45:00 AM,102.486,28.357,,,,
245,07/26/16 02:00:00 AM,102.486,28.357,,,,
246,07/26/16 02:15:00 AM,102.492,28.258,,,,
247,07/26/16 02:30:00 AM,102.492,28.258,,,,
248,07/26/16 02:45:00 AM,102.503,28.258,,,,
249,07/26/16 03:00:00 AM,102.499,28.159,,,,
250,07/26/16 03:15:00 AM,102.519,28.159,,,,
251,07/26/16 03:30:00 AM,102.519,28.159,,,,
252,07/26/16 03:45:00 AM,102.536,28.060,,,,
253,07/26/16 04:00:00 AM,102.536,28.060,,,,
254,07/26/16 04:15:00 AM,102.567,28.060,,,,
255,07/26/16 04:30:00 AM,102.563,27.961,,,,
256,07/26/16 04:45:00 AM,102.573,27.961,,,,
257,07/26/16 05:00:00 AM,102.594,27.961,,,,
258,07/26/16 05:15:00 AM,102.590,27.862,,,,
259,07/26/16 05:30:00 AM,102.601,27.862,,,,
260,07/26/16 05:45:00 AM,102.601,27.862,,,,
261,07/26/16 06:00:00 AM,102.597,27.764,,,,
262,07/26/16 06:15:00 AM,102.597,27.764,,,,
263,07/26/16 06:30:00 AM,102.607,27.764,,,,
264,07/26/16 06:45:00 AM,102.603,27.665,,,,
265,07/26/16 07:00:00 AM,102.613,27.665,,,,
266,07/26/16 07:15:00 AM,102.634,27.665,,,,
267,07/26/16 07:30:00 AM,102.634,27.665,,,,
268,07/26/16 07:45:00 AM,102.655,27.665,,,,
269,07/26/16 08:00:00 AM,102.644,27.665,,,,
270,07/26/16 08:15:00 AM,102.655,27.665,,,,
271,07/26/16 08:30:00 AM,102.655,27.665,,,,
272,07/26/16 08:45:00 AM,102.658,27.764,,,,
273,07/26/16 09:00:00 AM,102.648,27.764,,,,
274,07/26/16 09:15:00 AM,102.631,27.862,,,,
275,07/26/16 09:30:00 AM,102.642,27.862,,,,
276,07/26/16 09:45:00 AM,102.656,27.961,,,,
277,07/26/16 10:00:00 AM,102.643,28.159,,,,
278,07/26/16 10:15:00 AM,102.636,28.258,,,,
279,07/26/16 10:30:00 AM,102.640,28.357,,,,
280,07/26/16 10:45:00 AM,102.668,28.555,,,,
281,07/26/16 11:00:00 AM,102.641,28.655,,,,
282,07/26/16 11:15:00 AM,102.635,28.754,,,,
283,07/26/16 11:30:00 AM,102.622,28.953,,,,
284,07/26/16 11:45:00 AM,102.609,29.152,,,,
285,07/26/16 12:00:00 PM,102.592,29.252,,,,
286,07/26/16 12:15:00 PM,102.586,29.352,,,,
287,07/26/16 12:30:00 PM,102.552,29.552,,,,
288,07/26/16 12:45:00 PM,102.556,29.652,,,,
289,07/26/16 01:00:00 PM,102.543,29.853,,,,
290,07/26/16 01:15:00 PM,102.530,30.054,,,,
291,07/26/16 01:30:00 PM,102.534,30.154,,,,
292,07/26/16 01:45:00 PM,102.511,30.356,,,,
293,07/26/16 02:00:00 PM,102.495,30.457,,,,
294,07/26/16 02:15:00 PM,102.478,30.558,,,,
295,07/26/16 02:30:00 PM,102.451,30.659,,,,
296,07/26/16 02:45:00 PM,102.451,30.659,,,,
297,07/26/16 03:00:00 PM,102.434,30.760,,,,
298,07/26/16 03:15:00 PM,102.424,30.760,,,,
299,07/26/16 03:30:00 PM,102.393,30.760,,,,
300,07/26/16 03:45:00 PM,102.377,30.862,,,,
301,07/26/16 04:00:00 PM,102.377,30.862,,,,
302,07/26/16 04:15:00 PM,102.366,30.862,,,,
303,07/26/16 04:30:00 PM,102.366,30.862,,,,
304,07/26/16 04:45:00 PM,102.360,30.963,,,,
305,07/26/16 05:00:00 PM,102.325,30.862,,,,
306,07/26/16 05:15:00 PM,102.335,30.862,,,,
307,07/26/16 05:30:00 PM,102.335,30.862,,,,
308,07/26/16 05:45:00 PM,102.335,30.862,,,,
309,07/26/16 06:00:00 PM,102.352,30.760,,,,
310,07/26/16 06:15:00 PM,102.373,30.760,,,,
311,07/26/16 06:30:00 PM,102.369,30.659,,,,
312,07/26/16 06:45:00 PM,102.375,30.558,,,,
313,07/26/16 07:00:00 PM,102.375,30.558,,,,
314,07/26/16 07:15:00 PM,102.412,30.457,,,,
315,07/26/16 07:30:00 PM,102.388,30.356,,,,
316,07/26/16 07:45:00 PM,102.394,30.255,,,,
317,07/26/16 08:00:00 PM,102.411,30.154,,,,
318,07/26/16 08:15:00 PM,102.572,30.054,,,,
319,07/26/16 08:30:00 PM,102.701,29.953,,,,
320,07/26/16 08:45:00 PM,102.759,29.853,,,,
321,07/26/16 09:00:00 PM,102.731,29.652,,,,
322,07/26/16 09:15:00 PM,102.795,29.452,,,,
323,07/26/16 09:30:00 PM,102.822,29.352,,,,
324,07/26/16 09:45:00 PM,103.133,29.152,,,,
325,07/26/16 10:00:00 PM,104.218,28.754,,,,
326,07/26/16 10:15:00 PM,104.154,28.159,,,,
327,07/26/16 10:30:00 PM,103.870,27.468,,,,
328,07/26/16 10:45:00 PM,103.619,27.370,,,,
329,07/26/16 11:00:00 PM,103.434,27.370,,,,
330,07/26/16 11:15:00 PM,103.274,27.468,,,,
331,07/26/16 11:30:00 PM,103.181,27.468,,,,
332,07/26/16 11:45:00 PM,103.144,27.567,,,,
333,07/27/16 12:00:00 AM,103.103,27.567,,,,
334,07/27/16 12:15:00 AM,103.092,27.567,,,,
335,07/27/16 12:30:00 AM,103.072,27.567,,,,
336,07/27/16 12:45:00 AM,103.000,27.567,,,,
337,07/27/16 01:00:00 AM,103.000,27.567,,,,
338,07/27/16 01:15:00 AM,102.959,27.567,,,,
339,07/27/16 01:30:00 AM,102.928,27.567,,,,
340,07/27/16 01:45:00 AM,102.897,27.567,,,,
341,07/27/16 02:00:00 AM,102.856,27.567,,,,
342,07/27/16 02:15:00 AM,102.846,27.567,,,,
343,07/27/16 02:30:00 AM,102.815,27.567,,,,
344,07/27/16 02:45:00 AM,102.819,27.665,,,,
345,07/27/16 03:00:00 AM,102.809,27.665,,,,
346,07/27/16 03:15:00 AM,102.788,27.665,,,,
347,07/27/16 03:30:00 AM,102.788,27.665,,,,
348,07/27/16 03:45:00 AM,102.778,27.665,,,,
349,07/27/16 04:00:00 AM,102.768,27.665,,,,
350,07/27/16 04:15:00 AM,102.768,27.665,,,,
351,07/27/16 04:30:00 AM,102.768,27.665,,,,
352,07/27/16 04:45:00 AM,102.747,27.665,,,,
353,07/27/16 05:00:00 AM,102.747,27.665,,,,
354,07/27/16 05:15:00 AM,102.757,27.665,,,,
355,07/27/16 05:30:00 AM,102.743,27.567,,,,
356,07/27/16 05:45:00 AM,102.753,27.567,,,,
357,07/27/16 06:00:00 AM,102.743,27.567,,,,
358,07/27/16 06:15:00 AM,102.743,27.567,,,,
359,07/27/16 06:30:00 AM,102.743,27.567,,,,
360,07/27/16 06:45:00 AM,102.733,27.567,,,,
361,07/27/16 07:00:00 AM,102.743,27.567,,,,
362,07/27/16 07:15:00 AM,102.729,27.468,,,,
363,07/27/16 07:30:00 AM,102.729,27.468,,,,
364,07/27/16 07:45:00 AM,102.723,27.567,,,,
365,07/27/16 08:00:00 AM,102.743,27.567,,,,
366,07/27/16 08:15:00 AM,102.723,27.567,,,,
367,07/27/16 08:30:00 AM,102.723,27.567,,,,
368,07/27/16 08:45:00 AM,102.712,27.567,,,,
369,07/27/16 09:00:00 AM,102.712,27.567,,,,
370,07/27/16 09:15:00 AM,102.692,27.567,,,,
371,07/27/16 09:30:00 AM,102.685,27.665,,,,
372,07/27/16 09:45:00 AM,102.699,27.764,,,,
373,07/27/16 10:00:00 AM,102.689,27.764,,,,
374,07/27/16 10:15:00 AM,102.679,27.764,,,,
375,07/27/16 10:30:00 AM,102.693,27.862,,,,
376,07/27/16 10:45:00 AM,102.701,28.060,,,,
377,07/27/16 11:00:00 AM,102.680,28.060,,,,
378,07/27/16 11:15:00 AM,102.688,28.258,,,,
379,07/27/16 11:30:00 AM,102.671,28.357,,,,
380,07/27/16 11:45:00 AM,102.654,28.456,,,,
381,07/27/16 12:00:00 PM,102.637,28.555,,,,
382,07/27/16 12:15:00 PM,102.621,28.655,,,,
383,07/27/16 12:30:00 PM,102.608,28.853,,,,
384,07/27/16 12:45:00 PM,102.581,28.953,,,,
385,07/27/16 01:00:00 PM,102.564,29.053,,,,
386,07/27/16 01:15:00 PM,102.561,29.252,,,,
387,07/27/16 01:30:00 PM,102.545,29.352,,,,
388,07/27/16 01:45:00 PM,102.511,29.552,,,,
389,07/27/16 02:00:00 PM,102.474,29.652,,,,
390,07/27/16 02:15:00 PM,102.426,29.752,,,,
391,07/27/16 02:30:00 PM,102.482,29.853,,,,
392,07/27/16 02:45:00 PM,102.455,29.953,,,,
393,07/27/16 03:00:00 PM,102.448,30.054,,,,
394,07/27/16 03:15:00 PM,102.442,30.154,,,,
395,07/27/16 03:30:00 PM,102.425,30.255,,,,
396,07/27/16 03:45:00 PM,102.439,30.356,,,,
397,07/27/16 04:00:00 PM,102.412,30.457,,,,
398,07/27/16 04:15:00 PM,102.402,30.457,,,,
399,07/27/16 04:30:00 PM,102.427,30.558,,,,
400,07/27/16 04:45:00 PM,102.427,30.558,,,,
401,07/27/16 05:00:00 PM,102.447,30.558,,,,
402,07/27/16 05:15:00 PM,102.427,30.558,,,,
403,07/27/16 05:30:00 PM,102.495,30.457,,,,
404,07/27/16 05:45:00 PM,102.453,30.457,,,,
405,07/27/16 06:00:00 PM,102.593,30.356,,,,
406,07/27/16 06:15:00 PM,102.610,30.255,,,,
407,07/27/16 06:30:00 PM,102.534,30.154,,,,
408,07/27/16 06:45:00 PM,102.459,30.054,,,,
409,07/27/16 07:00:00 PM,102.485,29.953,,,,
410,07/27/16 07:15:00 PM,102.543,29.853,,,,
411,07/27/16 07:30:00 PM,102.556,29.652,,,,
412,07/27/16 07:45:00 PM,102.563,29.552,,,,
413,07/27/16 08:00:00 PM,102.528,29.452,,,,
414,07/27/16 08:15:00 PM,102.504,29.352,,,,
415,07/27/16 08:30:00 PM,102.434,29.152,,,,
416,07/27/16 08:45:00 PM,102.471,29.053,,,,
417,07/27/16 09:00:00 PM,102.484,28.853,,,,
418,07/27/16 09:15:00 PM,102.481,28.754,,,,
419,07/27/16 09:30:00 PM,102.487,28.655,,,,
420,07/27/16 09:45:00 PM,102.483,28.555,,,,
421,07/27/16 10:00:00 PM,102.479,28.456,,,,
422,07/27/16 10:15:00 PM,102.506,28.357,,,,
423,07/27/16 10:30:00 PM,102.523,28.258,,,,
424,07/27/16 10:45:00 PM,102.519,28.159,,,,
425,07/27/16 11:00:00 PM,102.495,28.060,,,,
426,07/27/16 11:15:00 PM,102.440,27.961,,,,
427,07/27/16 11:30:00 PM,102.436,27.862,,,,
428,07/27/16 11:45:00 PM,102.402,27.764,,,,
429,07/28/16 12:00:00 AM,102.422,27.764,,,,
430,07/28/16 12:15:00 AM,102.408,27.665,,,,
431,07/28/16 12:30:00 AM,102.388,27.665,,,,
432,07/28/16 12:45:00 AM,102.363,27.567,,,,
433,07/28/16 01:00:00 AM,102.360,27.468,,,,
434,07/28/16 01:15:00 AM,102.370,27.468,,,,
435,07/28/16 01:30:00 AM,102.356,27.370,,,,
436,07/28/16 01:45:00 AM,102.335,27.370,,,,
437,07/28/16 02:00:00 AM,102.346,27.370,,,,
438,07/28/16 02:15:00 AM,102.321,27.272,,,,
439,07/28/16 02:30:00 AM,102.301,27.272,,,,
440,07/28/16 02:45:00 AM,102.287,27.173,,,,
441,07/28/16 03:00:00 AM,102.256,27.173,,,,
442,07/28/16 03:15:00 AM,102.242,27.075,,,,
443,07/28/16 03:30:00 AM,102.252,27.075,,,,
444,07/28/16 03:45:00 AM,102.252,27.075,,,,
445,07/28/16 04:00:00 AM,102.269,26.977,,,,
446,07/28/16 04:15:00 AM,102.259,26.977,,,,
447,07/28/16 04:30:00 AM,102.279,26.977,,,,
448,07/28/16 04:45:00 AM,102.265,26.879,,,,
449,07/28/16 05:00:00 AM,102.265,26.879,,,,
450,07/28/16 05:15:00 AM,102.262,26.781,,,,
451,07/28/16 05:30:00 AM,102.262,26.781,,,,
452,07/28/16 05:45:00 AM,102.272,26.781,,,,
453,07/28/16 06:00:00 AM,102.278,26.683,,,,
454,07/28/16 06:15:00 AM,102.289,26.683,,,,
455,07/28/16 06:30:00 AM,102.299,26.683,,,,
456,07/28/16 06:45:00 AM,102.299,26.683,,,,
457,07/28/16 07:00:00 AM,102.285,26.585,,,,
458,07/28/16 07:15:00 AM,102.285,26.585,,,,
459,07/28/16 07:30:00 AM,102.285,26.585,,,,
460,07/28/16 07:45:00 AM,102.285,26.585,,,,
461,07/28/16 08:00:00 AM,102.275,26.585,,,,
462,07/28/16 08:15:00 AM,102.278,26.683,,,,
463,07/28/16 08:30:00 AM,102.258,26.683,,,,
464,07/28/16 08:45:00 AM,102.258,26.683,,,,
465,07/28/16 09:00:00 AM,102.241,26.781,,,,
466,07/28/16 09:15:00 AM,102.241,26.781,,,,
467,07/28/16 09:30:00 AM,102.224,26.879,,,,
468,07/28/16 09:45:00 AM,102.211,27.075,,,,
469,07/28/16 10:00:00 AM,102.215,27.173,,,,
470,07/28/16 10:15:00 AM,102.198,27.272,,,,
471,07/28/16 10:30:00 AM,102.192,27.370,,,,
472,07/28/16 10:45:00 AM,102.175,27.468,,,,
473,07/28/16 11:00:00 AM,102.172,27.665,,,,
474,07/28/16 11:15:00 AM,102.155,27.764,,,,
475,07/28/16 11:30:00 AM,102.153,27.961,,,,
476,07/28/16 11:45:00 AM,102.140,28.159,,,,
477,07/28/16 12:00:00 PM,102.127,28.357,,,,
478,07/28/16 12:15:00 PM,102.114,28.555,,,,
479,07/28/16 12:30:00 PM,102.111,28.754,,,,
480,07/28/16 12:45:00 PM,102.108,28.953,,,,
481,07/28/16 01:00:00 PM,102.095,29.152,,,,
482,07/28/16 01:15:00 PM,102.062,29.352,,,,
483,07/28/16 01:30:00 PM,102.055,29.452,,,,
484,07/28/16 01:45:00 PM,102.042,29.652,,,,
485,07/28/16 02:00:00 PM,102.009,29.853,,,,
486,07/28/16 02:15:00 PM,102.003,29.953,,,,
487,07/28/16 02:30:00 PM,101.980,30.154,,,,
488,07/28/16 02:45:00 PM,101.953,30.255,,,,
489,07/28/16 03:00:00 PM,101.926,30.356,,,,
490,07/28/16 03:15:00 PM,101.909,30.457,,,,
491,07/28/16 03:30:00 PM,101.882,30.558,,,,
492,07/28/16 03:45:00 PM,101.892,30.558,,,,
493,07/28/16 04:00:00 PM,101.886,30.659,,,,
494,07/28/16 04:15:00 PM,101.896,30.659,,,,
495,07/28/16 04:30:00 PM,101.879,30.760,,,,
496,07/28/16 04:45:00 PM,101.890,30.760,,,,
497,07/28/16 05:00:00 PM,101.869,30.760,,,,
498,07/28/16 05:15:00 PM,101.859,30.760,,,,
499,07/28/16 05:30:00 PM,101.849,30.760,,,,
500,07/28/16 05:45:00 PM,101.849,30.760,,,,
501,07/28/16 06:00:00 PM,101.834,30.659,,,,
502,07/28/16 06:15:00 PM,101.845,30.659,,,,
503,07/28/16 06:30:00 PM,101.824,30.659,,,,
504,07/28/16 06:45:00 PM,101.831,30.558,,,,
505,07/28/16 07:00:00 PM,101.861,30.558,,,,
506,07/28/16 07:15:00 PM,101.878,30.457,,,,
507,07/28/16 07:30:00 PM,101.874,30.356,,,,
508,07/28/16 07:45:00 PM,101.881,30.255,,,,
509,07/28/16 08:00:00 PM,101.891,30.255,,,,
510,07/28/16 08:15:00 PM,101.918,30.154,,,,
511,07/28/16 08:30:00 PM,101.935,30.054,,,,
512,07/28/16 08:45:00 PM,101.972,29.953,,,,
513,07/28/16 09:00:00 PM,101.974,29.752,,,,
514,07/28/16 09:15:00 PM,102.001,29.652,,,,
515,07/28/16 09:30:00 PM,102.008,29.552,,,,
516,07/28/16 09:45:00 PM,102.004,29.452,,,,
517,07/28/16 10:00:00 PM,101.986,29.252,,,,
518,07/28/16 10:15:00 PM,101.993,29.152,,,,
519,07/28/16 10:30:00 PM,102.006,28.953,,,,
520,07/28/16 10:45:00 PM,102.002,28.853,,,,
521,07/28/16 11:00:00 PM,102.008,28.754,,,,
522,07/28/16 11:15:00 PM,102.025,28.655,,,,
523,07/28/16 11:30:00 PM,102.011,28.555,,,,
524,07/28/16 11:45:00 PM,102.017,28.456,,,,
525,07/29/16 12:00:00 AM,102.014,28.357,,,,
526,07/29/16 12:15:00 AM,102.010,28.258,,,,
527,07/29/16 12:30:00 AM,102.016,28.159,,,,
528,07/29/16 12:45:00 AM,102.033,28.060,,,,
529,07/29/16 01:00:00 AM,102.043,28.060,,,,
530,07/29/16 01:15:00 AM,102.050,27.961,,,,
531,07/29/16 01:30:00 AM,102.036,27.862,,,,
532,07/29/16 01:45:00 AM,102.032,27.764,,,,
533,07/29/16 02:00:00 AM,102.012,27.764,,,,
534,07/29/16 02:15:00 AM,102.008,27.665,,,,
535,07/29/16 02:30:00 AM,101.994,27.567,,,,
536,07/29/16 02:45:00 AM,101.984,27.567,,,,
537,07/29/16 03:00:00 AM,101.980,27.468,,,,
538,07/29/16 03:15:00 AM,101.980,27.468,,,,
539,07/29/16 03:30:00 AM,101.976,27.370,,,,
540,07/29/16 03:45:00 AM,101.976,27.370,,,,
541,07/29/16 04:00:00 AM,101.983,27.272,,,,
542,07/29/16 04:15:00 AM,101.972,27.272,,,,
543,07/29/16 04:30:00 AM,101.962,27.272,,,,
544,07/29/16 04:45:00 AM,101.979,27.173,,,,
545,07/29/16 05:00:00 AM,101.989,27.173,,,,
546,07/29/16 05:15:00 AM,101.985,27.075,,,,
547,07/29/16 05:30:00 AM,101.996,27.075,,,,
548,07/29/16 05:45:00 AM,101.996,27.075,,,,
549,07/29/16 06:00:00 AM,102.002,26.977,,,,
550,07/29/16 06:15:00 AM,102.002,26.977,,,,
551,07/29/16 06:30:00 AM,102.023,26.977,,,,
552,07/29/16 06:45:00 AM,102.060,26.879,,,,
553,07/29/16 07:00:00 AM,102.070,26.879,,,,
554,07/29/16 07:15:00 AM,102.101,26.879,,,,
555,07/29/16 07:30:00 AM,102.111,26.879,,,,
556,07/29/16 07:45:00 AM,102.122,26.879,,,,
557,07/29/16 08:00:00 AM,102.122,26.879,,,,
558,07/29/16 08:15:00 AM,102.142,26.879,,,,
559,07/29/16 08:30:00 AM,102.146,26.977,,,,
560,07/29/16 08:45:00 AM,102.156,26.977,,,,
561,07/29/16 09:00:00 AM,102.166,26.977,,,,
562,07/29/16 09:15:00 AM,102.170,27.075,,,,
563,07/29/16 09:30:00 AM,102.180,27.075,,,,
564,07/29/16 09:45:00 AM,102.174,27.173,,,,
565,07/29/16 10:00:00 AM,102.171,27.370,,,,
566,07/29/16 10:15:00 AM,102.185,27.468,,,,
567,07/29/16 10:30:00 AM,102.189,27.567,,,,
568,07/29/16 10:45:00 AM,102.172,27.665,,,,
569,07/29/16 11:00:00 AM,102.217,27.764,,,,
570,07/29/16 11:15:00 AM,102.190,27.862,,,,
571,07/29/16 11:30:00 AM,102.163,27.961,,,,
572,07/29/16 11:45:00 AM,102.191,28.159,,,,
573,07/29/16 12:00:00 PM,102.195,28.258,,,,
574,07/29/16 12:15:00 PM,102.168,28.357,,,,
575,07/29/16 12:30:00 PM,102.175,28.555,,,,
576,07/29/16 12:45:00 PM,102.155,28.555,,,,
577,07/29/16 01:00:00 PM,102.172,28.754,,,,
578,07/29/16 01:15:00 PM,102.187,28.853,,,,
579,07/29/16 01:30:00 PM,102.201,28.953,,,,
580,07/29/16 01:45:00 PM,102.188,29.152,,,,
581,07/29/16 02:00:00 PM,102.181,29.252,,,,
582,07/29/16 02:15:00 PM,102.179,29.452,,,,
583,07/29/16 02:30:00 PM,102.179,29.452,,,,
584,07/29/16 02:45:00 PM,102.172,29.552,,,,
585,07/29/16 03:00:00 PM,102.162,29.552,,,,
586,07/29/16 03:15:00 PM,102.141,29.552,,,,
587,07/29/16 03:30:00 PM,102.135,29.652,,,,
588,07/29/16 03:45:00 PM,102.135,29.652,,,,
589,07/29/16 04:00:00 PM,102.125,29.652,,,,
590,07/29/16 04:15:00 PM,102.125,29.652,,,,
591,07/29/16 04:30:00 PM,102.121,29.552,,,,
592,07/29/16 04:45:00 PM,102.121,29.552,,,,
593,07/29/16 05:00:00 PM,102.131,29.552,,,,
594,07/29/16 05:15:00 PM,102.131,29.552,,,,
595,07/29/16 05:30:00 PM,102.121,29.552,,,,
596,07/29/16 05:45:00 PM,102.131,29.552,,,,
597,07/29/16 06:00:00 PM,102.121,29.552,,,,
598,07/29/16 06:15:00 PM,102.127,29.452,,,,
599,07/29/16 06:30:00 PM,102.117,29.452,,,,
600,07/29/16 06:45:00 PM,102.123,29.352,,,,
601,07/29/16 07:00:00 PM,102.123,29.352,,,,
602,07/29/16 07:15:00 PM,102.130,29.252,,,,
603,07/29/16 07:30:00 PM,102.120,29.252,,,,
604,07/29/16 07:45:00 PM,102.126,29.152,,,,
605,07/29/16 08:00:00 PM,102.133,29.053,,,,
606,07/29/16 08:15:00 PM,102.133,29.053,,,,
607,07/29/16 08:30:00 PM,102.160,28.953,,,,
608,07/29/16 08:45:00 PM,102.160,28.953,,,,
609,07/29/16 09:00:00 PM,102.166,28.853,,,,
610,07/29/16 09:15:00 PM,102.183,28.754,,,,
611,07/29/16 09:30:00 PM,102.210,28.655,,,,
612,07/29/16 09:45:00 PM,102.210,28.655,,,,
613,07/29/16 10:00:00 PM,102.196,28.555,,,,
614,07/29/16 10:15:00 PM,102.192,28.456,,,,
615,07/29/16 10:30:00 PM,102.188,28.357,,,,
616,07/29/16 10:45:00 PM,102.184,28.258,,,,
617,07/29/16 11:00:00 PM,102.160,28.159,,,,
618,07/29/16 11:15:00 PM,102.156,28.060,,,,
619,07/29/16 11:30:00 PM,102.183,27.961,,,,
620,07/29/16 11:45:00 PM,102.190,27.862,,,,
621,07/30/16 12:00:00 AM,102.166,27.764,,,,
622,07/30/16 12:15:00 AM,102.162,27.665,,,,
623,07/30/16 12:30:00 AM,102.137,27.567,,,,
624,07/30/16 12:45:00 AM,102.134,27.468,,,,
625,07/30/16 01:00:00 AM,102.134,27.468,,,,
626,07/30/16 01:15:00 AM,102.120,27.370,,,,
627,07/30/16 01:30:00 AM,102.106,27.272,,,,
628,07/30/16 01:45:00 AM,102.095,27.272,,,,
629,07/30/16 02:00:00 AM,102.081,27.173,,,,
630,07/30/16 02:15:00 AM,102.057,27.075,,,,
631,07/30/16 02:30:00 AM,102.067,27.075,,,,
632,07/30/16 02:45:00 AM,102.033,26.977,,,,
633,07/30/16 03:00:00 AM,102.033,26.977,,,,
634,07/30/16 03:15:00 AM,102.039,26.879,,,,
635,07/30/16 03:30:00 AM,102.039,26.879,,,,
636,07/30/16 03:45:00 AM,102.036,26.781,,,,
637,07/30/16 04:00:00 AM,102.026,26.781,,,,
638,07/30/16 04:15:00 AM,102.042,26.683,,,,
639,07/30/16 04:30:00 AM,102.042,26.683,,,,
640,07/30/16 04:45:00 AM,102.039,26.585,,,,
641,07/30/16 05:00:00 AM,102.059,26.585,,,,
642,07/30/16 05:15:00 AM,102.080,26.585,,,,
643,07/30/16 05:30:00 AM,102.086,26.488,,,,
644,07/30/16 05:45:00 AM,102.107,26.488,,,,
645,07/30/16 06:00:00 AM,102.117,26.488,,,,
646,07/30/16 06:15:00 AM,102.148,26.488,,,,
647,07/30/16 06:30:00 AM,102.154,26.390,,,,
648,07/30/16 06:45:00 AM,102.185,26.390,,,,
649,07/30/16 07:00:00 AM,102.206,26.390,,,,
650,07/30/16 07:15:00 AM,102.206,26.390,,,,
651,07/30/16 07:30:00 AM,102.216,26.390,,,,
652,07/30/16 07:45:00 AM,102.236,26.390,,,,
653,07/30/16 08:00:00 AM,102.247,26.390,,,,
654,07/30/16 08:15:00 AM,102.236,26.390,,,,
655,07/30/16 08:30:00 AM,102.240,26.488,,,,
656,07/30/16 08:45:00 AM,102.240,26.488,,,,
657,07/30/16 09:00:00 AM,102.261,26.488,,,,
658,07/30/16 09:15:00 AM,102.250,26.488,,,,
659,07/30/16 09:30:00 AM,102.244,26.585,,,,
660,07/30/16 09:45:00 AM,102.248,26.683,,,,
661,07/30/16 10:00:00 AM,102.251,26.781,,,,
662,07/30/16 10:15:00 AM,102.265,26.879,,,,
663,07/30/16 10:30:00 AM,102.269,26.977,,,,
664,07/30/16 10:45:00 AM,102.262,27.075,,,,
665,07/30/16 11:00:00 AM,102.256,27.173,,,,
666,07/30/16 11:15:00 AM,102.249,27.272,,,,
667,07/30/16 11:30:00 AM,102.263,27.370,,,,
668,07/30/16 11:45:00 AM,102.257,27.468,,,,
669,07/30/16 12:00:00 PM,102.240,27.567,,,,
670,07/30/16 12:15:00 PM,102.207,27.764,,,,
671,07/30/16 12:30:00 PM,102.180,27.862,,,,
672,07/30/16 12:45:00 PM,102.153,27.961,,,,
673,07/30/16 01:00:00 PM,102.143,28.258,,,,
674,07/30/16 01:15:00 PM,102.120,28.456,,,,
675,07/30/16 01:30:00 PM,102.107,28.655,,,,
676,07/30/16 01:45:00 PM,102.104,28.853,,,,
677,07/30/16 02:00:00 PM,102.102,29.053,,,,
678,07/30/16 02:15:00 PM,102.068,29.252,,,,
679,07/30/16 02:30:00 PM,102.082,29.352,,,,
680,07/30/16 02:45:00 PM,102.059,29.552,,,,
681,07/30/16 03:00:00 PM,102.049,29.552,,,,
682,07/30/16 03:15:00 PM,102.042,29.652,,,,
683,07/30/16 03:30:00 PM,102.022,29.652,,,,
684,07/30/16 03:45:00 PM,102.036,29.752,,,,
685,07/30/16 04:00:00 PM,102.036,29.752,,,,
686,07/30/16 04:15:00 PM,102.067,29.752,,,,
687,07/30/16 04:30:00 PM,102.050,29.853,,,,
688,07/30/16 04:45:00 PM,102.071,29.853,,,,
689,07/30/16 05:00:00 PM,102.050,29.853,,,,
690,07/30/16 05:15:00 PM,102.064,29.953,,,,
691,07/30/16 05:30:00 PM,102.064,29.953,,,,
692,07/30/16 05:45:00 PM,102.054,29.953,,,,
693,07/30/16 06:00:00 PM,102.037,30.054,,,,
694,07/30/16 06:15:00 PM,102.068,30.054,,,,
695,07/30/16 06:30:00 PM,102.109,30.054,,,,
696,07/30/16 06:45:00 PM,102.099,30.054,,,,
697,07/30/16 07:00:00 PM,102.130,30.054,,,,
698,07/30/16 07:15:00 PM,102.136,29.953,,,,
699,07/30/16 07:30:00 PM,102.167,29.953,,,,
700,07/30/16 07:45:00 PM,102.173,29.853,,,,
701,07/30/16 08:00:00 PM,102.173,29.853,,,,
702,07/30/16 08:15:00 PM,102.200,29.752,,,,
703,07/30/16 08:30:00 PM,102.217,29.652,,,,
704,07/30/16 08:45:00 PM,102.248,29.652,,,,
705,07/30/16 09:00:00 PM,102.275,29.552,,,,
706,07/30/16 09:15:00 PM,102.302,29.452,,,,
707,07/30/16 09:30:00 PM,102.329,29.352,,,,
708,07/30/16 09:45:00 PM,102.325,29.252,,,,
709,07/30/16 10:00:00 PM,102.301,29.152,,,,
710,07/30/16 10:15:00 PM,102.303,28.953,,,,
711,07/30/16 10:30:00 PM,102.320,28.853,,,,
712,07/30/16 10:45:00 PM,102.306,28.754,,,,
713,07/30/16 11:00:00 PM,102.302,28.655,,,,
714,07/30/16 11:15:00 PM,102.305,28.456,,,,
715,07/30/16 11:30:00 PM,102.301,28.357,,,,
716,07/30/16 11:45:00 PM,102.297,28.258,,,,
717,07/31/16 12:00:00 AM,102.273,28.159,,,,
718,07/31/16 12:15:00 AM,102.269,28.060,,,,
719,07/31/16 12:30:00 AM,102.259,28.060,,,,
720,07/31/16 12:45:00 AM,102.235,27.961,,,,
721,07/31/16 01:00:00 AM,102.210,27.862,,,,
722,07/31/16 01:15:00 AM,102.186,27.764,,,,
723,07/31/16 01:30:00 AM,102.176,27.764,,,,
724,07/31/16 01:45:00 AM,102.172,27.665,,,,
725,07/31/16 02:00:00 AM,102.148,27.567,,,,
726,07/31/16 02:15:00 AM,102.127,27.567,,,,
727,07/31/16 02:30:00 AM,102.144,27.468,,,,
728,07/31/16 02:45:00 AM,102.134,27.468,,,,
729,07/31/16 03:00:00 AM,102.140,27.370,,,,
730,07/31/16 03:15:00 AM,102.126,27.272,,,,
731,07/31/16 03:30:00 AM,102.116,27.272,,,,
732,07/31/16 03:45:00 AM,102.133,27.173,,,,
733,07/31/16 04:00:00 AM,102.153,27.173,,,,
734,07/31/16 04:15:00 AM,102.180,27.075,,,,
735,07/31/16 04:30:00 AM,102.180,27.075,,,,
736,07/31/16 04:45:00 AM,102.207,26.977,,,,
737,07/31/16 05:00:00 AM,102.218,26.977,,,,
738,07/31/16 05:15:00 AM,102.255,26.879,,,,
739,07/31/16 05:30:00 AM,102.276,26.879,,,,
740,07/31/16 05:45:00 AM,102.306,26.879,,,,
741,07/31/16 06:00:00 AM,102.313,26.781,,,,
742,07/31/16 06:15:00 AM,102.333,26.781,,,,
743,07/31/16 06:30:00 AM,102.371,26.683,,,,
744,07/31/16 06:45:00 AM,102.391,26.683,,,,
745,07/31/16 07:00:00 AM,102.391,26.683,,,,
746,07/31/16 07:15:00 AM,102.391,26.683,,,,
747,07/31/16 07:30:00 AM,102.391,26.683,,,,
748,07/31/16 07:45:00 AM,102.412,26.683,,,,
749,07/31/16 08:00:00 AM,102.432,26.683,,,,
750,07/31/16 08:15:00 AM,102.432,26.683,,,,
751,07/31/16 08:30:00 AM,102.443,26.683,,,,
752,07/31/16 08:45:00 AM,102.453,26.683,,,,
753,07/31/16 09:00:00 AM,102.467,26.781,,,,
754,07/31/16 09:15:00 AM,102.467,26.781,,,,
755,07/31/16 09:30:00 AM,102.471,26.879,,,,
756,07/31/16 09:45:00 AM,102.474,26.977,,,,
757,07/31/16 10:00:00 AM,102.488,27.075,,,,
758,07/31/16 10:15:00 AM,102.486,27.272,,,,
759,07/31/16 10:30:00 AM,102.475,27.272,,,,
760,07/31/16 10:45:00 AM,102.469,27.370,,,,
761,07/31/16 11:00:00 AM,102.462,27.468,,,,
762,07/31/16 11:15:00 AM,102.449,27.665,,,,
763,07/31/16 11:30:00 AM,102.443,27.764,,,,
764,07/31/16 11:45:00 AM,102.409,27.961,,,,
765,07/31/16 12:00:00 PM,102.427,28.159,,,,
766,07/31/16 12:15:00 PM,102.390,28.258,,,,
767,07/31/16 12:30:00 PM,102.387,28.456,,,,
768,07/31/16 12:45:00 PM,102.384,28.655,,,,
769,07/31/16 01:00:00 PM,102.371,28.853,,,,
770,07/31/16 01:15:00 PM,102.338,29.053,,,,
771,07/31/16 01:30:00 PM,102.319,29.352,,,,
772,07/31/16 01:45:00 PM,102.322,29.452,,,,
773,07/31/16 02:00:00 PM,102.299,29.652,,,,
774,07/31/16 02:15:00 PM,102.283,29.752,,,,
775,07/31/16 02:30:00 PM,102.245,29.853,,,,
776,07/31/16 02:45:00 PM,102.232,30.054,,,,
777,07/31/16 03:00:00 PM,102.222,30.054,,,,
778,07/31/16 03:15:00 PM,102.206,30.154,,,,
779,07/31/16 03:30:00 PM,102.199,30.255,,,,
780,07/31/16 03:45:00 PM,102.213,30.356,,,,
781,07/31/16 04:00:00 PM,102.182,30.356,,,,
782,07/31/16 04:15:00 PM,102.155,30.457,,,,
783,07/31/16 04:30:00 PM,102.125,30.457,,,,
784,07/31/16 04:45:00 PM,102.149,30.558,,,,
785,07/31/16 05:00:00 PM,102.159,30.558,,,,
786,07/31/16 05:15:00 PM,102.159,30.558,,,,
787,07/31/16 05:30:00 PM,102.122,30.659,,,,
788,07/31/16 05:45:00 PM,102.153,30.659,,,,
789,07/31/16 06:00:00 PM,102.143,30.659,,,,
790,07/31/16 06:15:00 PM,102.231,30.558,,,,
791,07/31/16 06:30:00 PM,102.283,30.558,,,,
792,07/31/16 06:45:00 PM,102.320,30.457,,,,
793,07/31/16 07:00:00 PM,102.361,30.457,,,,
794,07/31/16 07:15:00 PM,102.450,30.356,,,,
795,07/31/16 07:30:00 PM,102.644,30.054,,,,
796,07/31/16 07:45:00 PM,103.462,29.953,,,,
797,07/31/16 08:00:00 PM,104.380,29.752,,,,
798,07/31/16 08:15:00 PM,105.044,28.555,,,,
799,07/31/16 08:30:00 PM,105.118,27.567,,,,
800,07/31/16 08:45:00 PM,105.035,27.272,,,,
801,07/31/16 09:00:00 PM,104.791,27.370,,,,
802,07/31/16 09:15:00 PM,104.545,27.370,,,,
803,07/31/16 09:30:00 PM,104.514,27.370,,,,
804,07/31/16 09:45:00 PM,104.596,27.370,,,,
805,07/31/16 10:00:00 PM,104.812,27.370,,,,
806,07/31/16 10:15:00 PM,104.984,27.567,,,,
807,07/31/16 10:30:00 PM,105.085,27.764,,,,
808,07/31/16 10:45:00 PM,105.185,27.961,,,,
809,07/31/16 11:00:00 PM,105.265,28.159,,,,
810,07/31/16 11:15:00 PM,105.279,28.258,,,,
811,07/31/16 11:30:00 PM,105.320,28.258,,,,
812,07/31/16 11:45:00 PM,105.327,28.159,,,,
813,08/01/16 12:00:00 AM,105.401,27.961,,,,
814,08/01/16 12:15:00 AM,105.542,27.862,,,,
815,08/01/16 12:30:00 AM,105.785,27.764,,,,
816,08/01/16 12:45:00 AM,106.069,27.665,,,,
817,08/01/16 01:00:00 AM,106.395,27.567,,,,
818,08/01/16 01:15:00 AM,106.653,27.567,,,,
819,08/01/16 01:30:00 AM,106.900,27.567,,,,
820,08/01/16 01:45:00 AM,107.117,27.567,,,,
821,08/01/16 02:00:00 AM,107.337,27.665,,,,
822,08/01/16 02:15:00 AM,107.416,27.567,,,,
823,08/01/16 02:30:00 AM,107.521,27.370,,,,
824,08/01/16 02:45:00 AM,107.559,27.272,,,,
825,08/01/16 03:00:00 AM,107.583,27.370,,,,
826,08/01/16 03:15:00 AM,107.612,27.567,,,,
827,08/01/16 03:30:00 AM,107.647,27.665,,,,
828,08/01/16 03:45:00 AM,107.692,27.764,,,,
829,08/01/16 04:00:00 AM,107.713,27.764,,,,
830,08/01/16 04:15:00 AM,107.713,27.764,,,,
831,08/01/16 04:30:00 AM,107.702,27.764,,,,
832,08/01/16 04:45:00 AM,107.709,27.665,,,,
833,08/01/16 05:00:00 AM,107.736,27.567,,,,
834,08/01/16 05:15:00 AM,107.721,27.468,,,,
835,08/01/16 05:30:00 AM,107.769,27.370,,,,
836,08/01/16 05:45:00 AM,107.744,27.272,,,,
837,08/01/16 06:00:00 AM,107.740,27.173,,,,
838,08/01/16 06:15:00 AM,107.767,27.075,,,,
839,08/01/16 06:30:00 AM,107.733,26.977,,,,
840,08/01/16 06:45:00 AM,107.729,26.879,,,,
841,08/01/16 07:00:00 AM,107.714,26.781,,,,
842,08/01/16 07:15:00 AM,107.700,26.683,,,,
843,08/01/16 07:30:00 AM,107.748,26.585,,,,
844,08/01/16 07:45:00 AM,107.696,26.585,,,,
845,08/01/16 08:00:00 AM,107.682,26.488,,,,
846,08/01/16 08:15:00 AM,107.678,26.390,,,,
847,08/01/16 08:30:00 AM,107.664,26.292,,,,
848,08/01/16 08:45:00 AM,107.612,26.292,,,,
849,08/01/16 09:00:00 AM,107.581,26.292,,,,
850,08/01/16 09:15:00 AM,107.536,26.195,,,,
851,08/01/16 09:30:00 AM,107.536,26.195,,,,
852,08/01/16 09:45:00 AM,107.526,26.195,,,,
853,08/01/16 10:00:00 AM,107.546,26.195,,,,
854,08/01/16 10:15:00 AM,107.543,26.097,,,,
855,08/01/16 10:30:00 AM,107.501,26.097,,,,
856,08/01/16 10:45:00 AM,107.543,26.097,,,,
857,08/01/16 11:00:00 AM,107.456,26.000,,,,
858,08/01/16 11:15:00 AM,107.332,26.000,,,,
859,08/01/16 11:30:00 AM,107.302,26.000,,,,
860,08/01/16 11:45:00 AM,107.332,26.000,,,,
861,08/01/16 12:00:00 PM,107.308,25.902,,,,
862,08/01/16 12:15:00 PM,107.277,25.902,,,,
863,08/01/16 12:30:00 PM,107.236,25.902,,,,
864,08/01/16 12:45:00 PM,107.209,26.000,,,,
865,08/01/16 01:00:00 PM,107.178,26.000,,,,
866,08/01/16 01:15:00 PM,107.116,26.000,,,,
867,08/01/16 01:30:00 PM,107.075,26.000,,,,
868,08/01/16 01:45:00 PM,107.019,25.902,,,,
869,08/01/16 02:00:00 PM,106.961,26.000,,,,
870,08/01/16 02:15:00 PM,106.947,25.902,,,,
871,08/01/16 02:30:00 PM,106.896,25.902,,,,
872,08/01/16 02:45:00 PM,106.896,25.902,,,,
873,08/01/16 03:00:00 PM,106.813,25.902,,,,
874,08/01/16 03:15:00 PM,106.752,25.902,,,,
875,08/01/16 03:30:00 PM,106.721,25.902,,,,
876,08/01/16 03:45:00 PM,106.690,25.902,,,,
877,08/01/16 04:00:00 PM,106.649,25.902,,,,
878,08/01/16 04:15:00 PM,106.587,25.902,,,,
879,08/01/16 04:30:00 PM,106.597,25.902,,,,
880,08/01/16 04:45:00 PM,106.566,25.902,,,,
881,08/01/16 05:00:00 PM,106.560,26.000,,,,
882,08/01/16 05:15:00 PM,106.529,26.000,,,,
883,08/01/16 05:30:00 PM,106.512,26.097,,,,
884,08/01/16 05:45:00 PM,106.450,26.097,,,,
885,08/01/16 06:00:00 PM,106.433,26.195,,,,
886,08/01/16 06:15:00 PM,106.406,26.292,,,,
887,08/01/16 06:30:00 PM,106.390,26.390,,,,
888,08/01/16 06:45:00 PM,106.359,26.390,,,,
889,08/01/16 07:00:00 PM,106.373,26.488,,,,
890,08/01/16 07:15:00 PM,106.356,26.585,,,,
891,08/01/16 07:30:00 PM,106.360,26.683,,,,
892,08/01/16 07:45:00 PM,106.364,26.781,,,,
893,08/01/16 08:00:00 PM,106.333,26.781,,,,
894,08/01/16 08:15:00 PM,106.347,26.879,,,,
895,08/01/16 08:30:00 PM,106.399,26.879,,,,
896,08/01/16 08:45:00 PM,106.382,26.977,,,,
897,08/01/16 09:00:00 PM,106.423,26.977,,,,
898,08/01/16 09:15:00 PM,106.448,27.075,,,,
899,08/01/16 09:30:00 PM,106.468,27.075,,,,
900,08/01/16 09:45:00 PM,106.472,27.173,,,,
901,08/01/16 10:00:00 PM,106.472,27.173,,,,
902,08/01/16 10:15:00 PM,106.476,27.272,,,,
903,08/01/16 10:30:00 PM,106.476,27.272,,,,
904,08/01/16 10:45:00 PM,106.470,27.370,,,,
905,08/01/16 11:00:00 PM,106.470,27.370,,,,
906,08/01/16 11:15:00 PM,106.480,27.370,,,,
907,08/01/16 11:30:00 PM,106.484,27.468,,,,
908,08/01/16 11:45:00 PM,106.494,27.468,,,,
909,08/02/16 12:00:00 AM,106.474,27.468,,,,
910,08/02/16 12:15:00 AM,106.457,27.567,,,,
911,08/02/16 12:30:00 AM,106.467,27.567,,,,
912,08/02/16 12:45:00 AM,106.364,27.567,,,,
913,08/02/16 01:00:00 AM,106.378,27.665,,,,
914,08/02/16 01:15:00 AM,106.337,27.665,,,,
915,08/02/16 01:30:00 AM,106.327,27.665,,,,
916,08/02/16 01:45:00 AM,106.265,27.665,,,,
917,08/02/16 02:00:00 AM,106.234,27.665,,,,
918,08/02/16 02:15:00 AM,106.207,27.764,,,,
919,08/02/16 02:30:00 AM,106.176,27.764,,,,
920,08/02/16 02:45:00 AM,106.135,27.764,,,,
921,08/02/16 03:00:00 AM,106.084,27.764,,,,
922,08/02/16 03:15:00 AM,106.022,27.764,,,,
923,08/02/16 03:30:00 AM,105.981,27.764,,,,
924,08/02/16 03:45:00 AM,105.939,27.764,,,,
925,08/02/16 04:00:00 AM,105.925,27.665,,,,
926,08/02/16 04:15:00 AM,105.894,27.665,,,,
927,08/02/16 04:30:00 AM,105.894,27.665,,,,
928,08/02/16 04:45:00 AM,105.863,27.665,,,,
929,08/02/16 05:00:00 AM,105.853,27.665,,,,
930,08/02/16 05:15:00 AM,105.853,27.665,,,,
931,08/02/16 05:30:00 AM,105.843,27.665,,,,
932,08/02/16 05:45:00 AM,105.808,27.567,,,,
933,08/02/16 06:00:00 AM,105.798,27.567,,,,
934,08/02/16 06:15:00 AM,105.808,27.567,,,,
935,08/02/16 06:30:00 AM,105.777,27.567,,,,
936,08/02/16 06:45:00 AM,105.777,27.567,,,,
937,08/02/16 07:00:00 AM,105.736,27.567,,,,
938,08/02/16 07:15:00 AM,105.756,27.567,,,,
939,08/02/16 07:30:00 AM,105.726,27.567,,,,
940,08/02/16 07:45:00 AM,105.715,27.567,,,,
941,08/02/16 08:00:00 AM,105.684,27.567,,,,
942,08/02/16 08:15:00 AM,105.674,27.567,,,,
943,08/02/16 08:30:00 AM,105.623,27.567,,,,
944,08/02/16 08:45:00 AM,105.592,27.567,,,,
945,08/02/16 09:00:00 AM,105.554,27.665,,,,
946,08/02/16 09:15:00 AM,105.544,27.665,,,,
947,08/02/16 09:30:00 AM,105.517,27.764,,,,
948,08/02/16 09:45:00 AM,105.497,27.764,,,,
949,08/02/16 10:00:00 AM,105.466,27.764,,,,
950,08/02/16 10:15:00 AM,105.480,27.862,,,,
951,08/02/16 10:30:00 AM,105.463,27.961,,,,
952,08/02/16 10:45:00 AM,105.463,27.961,,,,
953,08/02/16 11:00:00 AM,105.453,27.961,,,,
954,08/02/16 11:15:00 AM,105.442,27.961,,,,
955,08/02/16 11:30:00 AM,105.436,28.060,,,,
956,08/02/16 11:45:00 AM,105.374,28.060,,,,
957,08/02/16 12:00:00 PM,105.364,28.060,,,,
958,08/02/16 12:15:00 PM,105.333,28.060,,,,
959,08/02/16 12:30:00 PM,105.282,28.060,,,,
960,08/02/16 12:45:00 PM,105.213,28.159,,,,
961,08/02/16 01:00:00 PM,105.193,28.159,,,,
962,08/02/16 01:15:00 PM,105.152,28.159,,,,
963,08/02/16 01:30:00 PM,105.111,28.159,,,,
964,08/02/16 01:45:00 PM,105.111,28.159,,,,
965,08/02/16 02:00:00 PM,105.111,28.159,,,,
966,08/02/16 02:15:00 PM,105.059,28.159,,,,
967,08/02/16 02:30:00 PM,105.028,28.159,,,,
968,08/02/16 02:45:00 PM,104.966,28.159,,,,
969,08/02/16 03:00:00 PM,104.919,28.258,,,,
970,08/02/16 03:15:00 PM,104.857,28.258,,,,
971,08/02/16 03:30:00 PM,104.820,28.357,,,,
972,08/02/16 03:45:00 PM,104.789,28.357,,,,
973,08/02/16 04:00:00 PM,104.772,28.456,,,,
974,08/02/16 04:15:00 PM,104.752,28.456,,,,
975,08/02/16 04:30:00 PM,104.772,28.456,,,,
976,08/02/16 04:45:00 PM,104.782,28.456,,,,
977,08/02/16 05:00:00 PM,104.762,28.456,,,,
978,08/02/16 05:15:00 PM,104.741,28.456,,,,
979,08/02/16 05:30:00 PM,104.727,28.357,,,,
980,08/02/16 05:45:00 PM,104.707,28.357,,,,
981,08/02/16 06:00:00 PM,104.717,28.357,,,,
982,08/02/16 06:15:00 PM,104.707,28.357,,,,
983,08/02/16 06:30:00 PM,104.707,28.357,,,,
984,08/02/16 06:45:00 PM,104.734,28.258,,,,
985,08/02/16 07:00:00 PM,104.764,28.258,,,,
986,08/02/16 07:15:00 PM,104.806,28.258,,,,
987,08/02/16 07:30:00 PM,104.894,28.159,,,,
988,08/02/16 07:45:00 PM,105.065,28.060,,,,
989,08/02/16 08:00:00 PM,105.212,27.862,,,,
990,08/02/16 08:15:00 PM,105.246,27.665,,,,
991,08/02/16 08:30:00 PM,105.266,27.665,,,,
992,08/02/16 08:45:00 PM,105.303,27.567,,,,
993,08/02/16 09:00:00 PM,105.396,27.567,,,,
994,08/02/16 09:15:00 PM,105.478,27.567,,,,
995,08/02/16 09:30:00 PM,105.540,27.567,,,,
996,08/02/16 09:45:00 PM,105.530,27.567,,,,
997,08/02/16 10:00:00 PM,105.509,27.567,,,,
998,08/02/16 10:15:00 PM,105.499,27.567,,,,
999,08/02/16 10:30:00 PM,105.464,27.468,,,,
1000,08/02/16 10:45:00 PM,105.454,27.468,,,,
1001,08/02/16 11:00:00 PM,105.481,27.370,,,,
1002,08/02/16 11:15:00 PM,105.508,27.272,,,,
1003,08/02/16 11:30:00 PM,105.559,27.272,,,,
1004,08/02/16 11:45:00 PM,105.745,27.272,,,,
1005,08/03/16 12:00:00 AM,106.105,27.272,,,,
1006,08/03/16 12:15:00 AM,106.398,27.370,,,,
1007,08/03/16 12:30:00 AM,106.742,27.468,,,,
1008,08/03/16 12:45:00 AM,106.921,27.567,,,,
1009,08/03/16 01:00:00 AM,107.090,27.665,,,,
1010,08/03/16 01:15:00 AM,107.193,27.665,,,,
1011,08/03/16 01:30:00 AM,107.224,27.665,,,,
1012,08/03/16 01:45:00 AM,107.255,27.665,,,,
1013,08/03/16 02:00:00 AM,107.220,27.567,,,,
1014,08/03/16 02:15:00 AM,107.240,27.567,,,,
1015,08/03/16 02:30:00 AM,107.210,27.567,,,,
1016,08/03/16 02:45:00 AM,107.210,27.567,,,,
1017,08/03/16 03:00:00 AM,107.189,27.567,,,,
1018,08/03/16 03:15:00 AM,107.148,27.567,,,,
1019,08/03/16 03:30:00 AM,107.137,27.567,,,,
1020,08/03/16 03:45:00 AM,107.092,27.468,,,,
1021,08/03/16 04:00:00 AM,107.078,27.370,,,,
1022,08/03/16 04:15:00 AM,107.033,27.272,,,,
1023,08/03/16 04:30:00 AM,106.973,27.075,,,,
1024,08/03/16 04:45:00 AM,106.928,26.977,,,,
1025,08/03/16 05:00:00 AM,106.893,26.879,,,,
1026,08/03/16 05:15:00 AM,106.859,26.781,,,,
1027,08/03/16 05:30:00 AM,106.830,26.585,,,,
1028,08/03/16 05:45:00 AM,106.810,26.585,,,,
1029,08/03/16 06:00:00 AM,106.744,26.488,,,,
1030,08/03/16 06:15:00 AM,106.709,26.390,,,,
1031,08/03/16 06:30:00 AM,106.664,26.292,,,,
1032,08/03/16 06:45:00 AM,106.612,26.292,,,,
1033,08/03/16 07:00:00 AM,106.592,26.292,,,,
1034,08/03/16 07:15:00 AM,106.526,26.195,,,,
1035,08/03/16 07:30:00 AM,106.516,26.195,,,,
1036,08/03/16 07:45:00 AM,106.464,26.195,,,,
1037,08/03/16 08:00:00 AM,106.440,26.097,,,,
1038,08/03/16 08:15:00 AM,106.378,26.097,,,,
1039,08/03/16 08:30:00 AM,106.347,26.097,,,,
1040,08/03/16 08:45:00 AM,106.312,26.000,,,,
1041,08/03/16 09:00:00 AM,106.271,26.000,,,,
1042,08/03/16 09:15:00 AM,106.230,26.000,,,,
1043,08/03/16 09:30:00 AM,106.240,26.000,,,,
1044,08/03/16 09:45:00 AM,106.189,26.000,,,,
1045,08/03/16 10:00:00 AM,106.179,26.000,,,,
1046,08/03/16 10:15:00 AM,106.148,26.000,,,,
1047,08/03/16 10:30:00 AM,106.117,26.000,,,,
1048,08/03/16 10:45:00 AM,106.086,26.000,,,,
1049,08/03/16 11:00:00 AM,106.055,26.000,,,,
1050,08/03/16 11:15:00 AM,106.014,26.000,,,,
1051,08/03/16 11:30:00 AM,105.983,26.000,,,,
1052,08/03/16 11:45:00 AM,105.952,26.000,,,,
1053,08/03/16 12:00:00 PM,105.901,26.000,,,,
1054,08/03/16 12:15:00 PM,105.874,26.097,,,,
1055,08/03/16 12:30:00 PM,105.832,26.097,,,,
1056,08/03/16 12:45:00 PM,105.802,26.097,,,,
1057,08/03/16 01:00:00 PM,105.740,26.097,,,,
1058,08/03/16 01:15:00 PM,105.692,26.195,,,,
1059,08/03/16 01:30:00 PM,105.651,26.195,,,,
1060,08/03/16 01:45:00 PM,105.620,26.195,,,,
1061,08/03/16 02:00:00 PM,105.572,26.292,,,,
1062,08/03/16 02:15:00 PM,105.535,26.390,,,,
1063,08/03/16 02:30:00 PM,105.494,26.390,,,,
1064,08/03/16 02:45:00 PM,105.436,26.488,,,,
1065,08/03/16 03:00:00 PM,105.426,26.488,,,,
1066,08/03/16 03:15:00 PM,105.385,26.488,,,,
1067,08/03/16 03:30:00 PM,105.368,26.585,,,,
1068,08/03/16 03:45:00 PM,105.316,26.585,,,,
1069,08/03/16 04:00:00 PM,105.275,26.585,,,,
1070,08/03/16 04:15:00 PM,105.258,26.683,,,,
1071,08/03/16 04:30:00 PM,105.238,26.683,,,,
1072,08/03/16 04:45:00 PM,105.217,26.683,,,,
1073,08/03/16 05:00:00 PM,105.166,26.683,,,,
1074,08/03/16 05:15:00 PM,105.135,26.683,,,,
1075,08/03/16 05:30:00 PM,105.114,26.683,,,,
1076,08/03/16 05:45:00 PM,105.090,26.585,,,,
1077,08/03/16 06:00:00 PM,105.049,26.585,,,,
1078,08/03/16 06:15:00 PM,105.049,26.585,,,,
1079,08/03/16 06:30:00 PM,105.039,26.585,,,,
1080,08/03/16 06:45:00 PM,104.997,26.585,,,,
1081,08/03/16 07:00:00 PM,105.004,26.488,,,,
1082,08/03/16 07:15:00 PM,104.994,26.488,,,,
1083,08/03/16 07:30:00 PM,104.983,26.488,,,,
1084,08/03/16 07:45:00 PM,104.973,26.488,,,,
1085,08/03/16 08:00:00 PM,104.983,26.488,,,,
1086,08/03/16 08:15:00 PM,104.990,26.390,,,,
1087,08/03/16 08:30:00 PM,104.969,26.390,,,,
1088,08/03/16 08:45:00 PM,104.969,26.390,,,,
1089,08/03/16 09:00:00 PM,104.959,26.390,,,,
1090,08/03/16 09:15:00 PM,104.938,26.390,,,,
1091,08/03/16 09:30:00 PM,104.955,26.292,,,,
1092,08/03/16 09:45:00 PM,104.955,26.292,,,,
1093,08/03/16 10:00:00 PM,104.945,26.292,,,,
1094,08/03/16 10:15:00 PM,104.931,26.195,,,,
1095,08/03/16 10:30:00 PM,104.910,26.195,,,,
1096,08/03/16 10:45:00 PM,104.900,26.195,,,,
1097,08/03/16 11:00:00 PM,104.869,26.195,,,,
1098,08/03/16 11:15:00 PM,104.875,26.097,,,,
1099,08/03/16 11:30:00 PM,104.845,26.097,,,,
1100,08/03/16 11:45:00 PM,104.824,26.097,,,,
1101,08/04/16 12:00:00 AM,104.814,26.097,,,,
1102,08/04/16 12:15:00 AM,104.800,26.000,,,,
1103,08/04/16 12:30:00 AM,104.779,26.000,,,,
1104,08/04/16 12:45:00 AM,104.748,26.000,,,,
1105,08/04/16 01:00:00 AM,104.738,26.000,,,,
1106,08/04/16 01:15:00 AM,104.703,25.902,,,,
1107,08/04/16 01:30:00 AM,104.673,25.902,,,,
1108,08/04/16 01:45:00 AM,104.662,25.902,,,,
1109,08/04/16 02:00:00 AM,104.631,25.902,,,,
1110,08/04/16 02:15:00 AM,104.607,25.805,,,,
1111,08/04/16 02:30:00 AM,104.607,25.805,,,,
1112,08/04/16 02:45:00 AM,104.597,25.805,,,,
1113,08/04/16 03:00:00 AM,104.586,25.805,,,,
1114,08/04/16 03:15:00 AM,104.521,25.708,,,,
1115,08/04/16 03:30:00 AM,104.521,25.708,,,,
1116,08/04/16 03:45:00 AM,104.490,25.708,,,,
1117,08/04/16 04:00:00 AM,104.490,25.708,,,,
1118,08/04/16 04:15:00 AM,104.466,25.610,,,,
1119,08/04/16 04:30:00 AM,104.466,25.610,,,,
1120,08/04/16 04:45:00 AM,104.486,25.610,,,,
1121,08/04/16 05:00:00 AM,104.472,25.513,,,,
1122,08/04/16 05:15:00 AM,104.462,25.513,,,,
1123,08/04/16 05:30:00 AM,104.462,25.513,,,,
1124,08/04/16 05:45:00 AM,104.472,25.513,,,,
1125,08/04/16 06:00:00 AM,104.479,25.416,,,,
1126,08/04/16 06:15:00 AM,104.499,25.416,,,,
1127,08/04/16 06:30:00 AM,104.489,25.416,,,,
1128,08/04/16 06:45:00 AM,104.510,25.416,,,,
1129,08/04/16 07:00:00 AM,104.499,25.416,,,,
1130,08/04/16 07:15:00 AM,104.489,25.416,,,,
1131,08/04/16 07:30:00 AM,104.469,25.416,,,,
1132,08/04/16 07:45:00 AM,104.469,25.416,,,,
1133,08/04/16 08:00:00 AM,104.458,25.416,,,,
1134,08/04/16 08:15:00 AM,104.448,25.416,,,,
1135,08/04/16 08:30:00 AM,104.427,25.416,,,,
1136,08/04/16 08:45:00 AM,104.421,25.513,,,,
1137,08/04/16 09:00:00 AM,104.421,25.513,,,,
1138,08/04/16 09:15:00 AM,104.421,25.513,,,,
1139,08/04/16 09:30:00 AM,100.208,25.610,,,,
1140,08/04/16 09:32:56 AM,,,,Logged,,
1141,08/04/16 09:32:59 AM,,,,,Logged,Logged
